#,dataset_id,tcgdex_id,card_name,set_name,card_number,set_total,rarity,search_query,image_url,source_page,notes
1,en-ecard2-103a,ecard2-103a,Porygon,Aquapolis,103a,147,Common,Porygon Aquapolis 103a/147 pokemon card,,,
2,en-ecard2-103b,ecard2-103b,Porygon,Aquapolis,103b,147,Common,Porygon Aquapolis 103b/147 pokemon card,,,
3,en-ecard2-50a,ecard2-50a,Golduck,Aquapolis,50a,147,Uncommon,Golduck Aquapolis 50a/147 pokemon card,,,
4,en-ecard2-50b,ecard2-50b,Golduck,Aquapolis,50b,147,Uncommon,Golduck Aquapolis 50b/147 pokemon card,,,
5,en-ecard2-74a,ecard2-74a,Drowzee,Aquapolis,74a,147,Common,Drowzee Aquapolis 74a/147 pokemon card,,,
6,en-ecard2-74b,ecard2-74b,Drowzee,Aquapolis,74b,147,Common,Drowzee Aquapolis 74b/147 pokemon card,,,
7,en-ecard2-95a,ecard2-95a,Mr. Mime,Aquapolis,95a,147,Common,Mr. Mime Aquapolis 95a/147 pokemon card,,,
8,en-ecard2-95b,ecard2-95b,Mr. Mime,Aquapolis,95b,147,Common,Mr. Mime Aquapolis 95b/147 pokemon card,,,
9,en-ecard2-H01,ecard2-H01,Ampharos,Aquapolis,H01,147,Holo Rare,Ampharos Aquapolis H01/147 pokemon card,,,
10,en-ecard2-H02,ecard2-H02,Arcanine,Aquapolis,H02,147,Holo Rare,Arcanine Aquapolis H02/147 pokemon card,,,
11,en-ecard2-H03,ecard2-H03,Ariados,Aquapolis,H03,147,Holo Rare,Ariados Aquapolis H03/147 pokemon card,,,
12,en-ecard2-H04,ecard2-H04,Azumarill,Aquapolis,H04,147,Holo Rare,Azumarill Aquapolis H04/147 pokemon card,,,
13,en-ecard2-H05,ecard2-H05,Bellossom,Aquapolis,H05,147,Holo Rare,Bellossom Aquapolis H05/147 pokemon card,,,
14,en-ecard2-H06,ecard2-H06,Blissey,Aquapolis,H06,147,Holo Rare,Blissey Aquapolis H06/147 pokemon card,,,
15,en-ecard2-H07,ecard2-H07,Electrode,Aquapolis,H07,147,Holo Rare,Electrode Aquapolis H07/147 pokemon card,,,
16,en-ecard2-H08,ecard2-H08,Entei,Aquapolis,H08,147,Holo Rare,Entei Aquapolis H08/147 pokemon card,,,
17,en-ecard2-H09,ecard2-H09,Espeon,Aquapolis,H09,147,Holo Rare,Espeon Aquapolis H09/147 pokemon card,,,
18,en-ecard2-H10,ecard2-H10,Exeggutor,Aquapolis,H10,147,Holo Rare,Exeggutor Aquapolis H10/147 pokemon card,,,
19,en-ecard2-H11,ecard2-H11,Houndoom,Aquapolis,H11,147,Holo Rare,Houndoom Aquapolis H11/147 pokemon card,,,
20,en-ecard2-H12,ecard2-H12,Hypno,Aquapolis,H12,147,Holo Rare,Hypno Aquapolis H12/147 pokemon card,,,
21,en-ecard2-H13,ecard2-H13,Jumpluff,Aquapolis,H13,147,Holo Rare,Jumpluff Aquapolis H13/147 pokemon card,,,
22,en-ecard2-H14,ecard2-H14,Kingdra,Aquapolis,H14,147,Holo Rare,Kingdra Aquapolis H14/147 pokemon card,,,
23,en-ecard2-H15,ecard2-H15,Lanturn,Aquapolis,H15,147,Holo Rare,Lanturn Aquapolis H15/147 pokemon card,,,
24,en-ecard2-H16,ecard2-H16,Magneton,Aquapolis,H16,147,Holo Rare,Magneton Aquapolis H16/147 pokemon card,,,
25,en-ecard2-H17,ecard2-H17,Muk,Aquapolis,H17,147,Holo Rare,Muk Aquapolis H17/147 pokemon card,,,
26,en-ecard2-H18,ecard2-H18,Nidoking,Aquapolis,H18,147,Holo Rare,Nidoking Aquapolis H18/147 pokemon card,,,
27,en-ecard2-H19,ecard2-H19,Ninetales,Aquapolis,H19,147,Holo Rare,Ninetales Aquapolis H19/147 pokemon card,,,
28,en-ecard2-H20,ecard2-H20,Octillery,Aquapolis,H20,147,Holo Rare,Octillery Aquapolis H20/147 pokemon card,,,
29,en-ecard2-H21,ecard2-H21,Scizor,Aquapolis,H21,147,Holo Rare,Scizor Aquapolis H21/147 pokemon card,,,
30,en-ecard2-H22,ecard2-H22,Slowking,Aquapolis,H22,147,Holo Rare,Slowking Aquapolis H22/147 pokemon card,,,
31,en-ecard2-H23,ecard2-H23,Steelix,Aquapolis,H23,147,Holo Rare,Steelix Aquapolis H23/147 pokemon card,,,
32,en-ecard2-H24,ecard2-H24,Sudowoodo,Aquapolis,H24,147,Holo Rare,Sudowoodo Aquapolis H24/147 pokemon card,,,
33,en-ecard2-H25,ecard2-H25,Suicune,Aquapolis,H25,147,Holo Rare,Suicune Aquapolis H25/147 pokemon card,,,
34,en-ecard2-H26,ecard2-H26,Tentacruel,Aquapolis,H26,147,Holo Rare,Tentacruel Aquapolis H26/147 pokemon card,,,
35,en-ecard2-H27,ecard2-H27,Togetic,Aquapolis,H27,147,Holo Rare,Togetic Aquapolis H27/147 pokemon card,,,
36,en-ecard2-H28,ecard2-H28,Tyranitar,Aquapolis,H28,147,Holo Rare,Tyranitar Aquapolis H28/147 pokemon card,,,
37,en-ecard2-H29,ecard2-H29,Umbreon,Aquapolis,H29,147,Holo Rare,Umbreon Aquapolis H29/147 pokemon card,,,
38,en-ecard2-H30,ecard2-H30,Victreebel,Aquapolis,H30,147,Holo Rare,Victreebel Aquapolis H30/147 pokemon card,,,
39,en-ecard2-H31,ecard2-H31,Vileplume,Aquapolis,H31,147,Holo Rare,Vileplume Aquapolis H31/147 pokemon card,,,
40,en-ecard2-H32,ecard2-H32,Zapdos,Aquapolis,H32,147,Holo Rare,Zapdos Aquapolis H32/147 pokemon card,,,
41,en-swsh10tg-TG01,swsh10tg-TG01,Abomasnow,Astral Radiance Trainer Gallery,TG01,30,Rare,Abomasnow Astral Radiance Trainer Gallery TG01/30 pokemon card,,,
42,en-swsh10tg-TG02,swsh10tg-TG02,Flapple,Astral Radiance Trainer Gallery,TG02,30,Rare,Flapple Astral Radiance Trainer Gallery TG02/30 pokemon card,,,
43,en-swsh10tg-TG03,swsh10tg-TG03,Kingdra,Astral Radiance Trainer Gallery,TG03,30,Rare,Kingdra Astral Radiance Trainer Gallery TG03/30 pokemon card,,,
44,en-swsh10tg-TG04,swsh10tg-TG04,Frosmoth,Astral Radiance Trainer Gallery,TG04,30,Rare,Frosmoth Astral Radiance Trainer Gallery TG04/30 pokemon card,,,
45,en-swsh10tg-TG05,swsh10tg-TG05,Gardevoir,Astral Radiance Trainer Gallery,TG05,30,Rare,Gardevoir Astral Radiance Trainer Gallery TG05/30 pokemon card,,,
46,en-swsh10tg-TG06,swsh10tg-TG06,Wyrdeer,Astral Radiance Trainer Gallery,TG06,30,Rare,Wyrdeer Astral Radiance Trainer Gallery TG06/30 pokemon card,,,
47,en-swsh10tg-TG07,swsh10tg-TG07,Falinks,Astral Radiance Trainer Gallery,TG07,30,Rare,Falinks Astral Radiance Trainer Gallery TG07/30 pokemon card,,,
48,en-swsh10tg-TG08,swsh10tg-TG08,Kleavor,Astral Radiance Trainer Gallery,TG08,30,Rare,Kleavor Astral Radiance Trainer Gallery TG08/30 pokemon card,,,
49,en-swsh10tg-TG09,swsh10tg-TG09,Mightyena,Astral Radiance Trainer Gallery,TG09,30,Rare,Mightyena Astral Radiance Trainer Gallery TG09/30 pokemon card,,,
50,en-swsh10tg-TG10,swsh10tg-TG10,Galarian Obstagoon,Astral Radiance Trainer Gallery,TG10,30,Rare,Galarian Obstagoon Astral Radiance Trainer Gallery TG10/30 pokemon card,,,
51,en-swsh10tg-TG11,swsh10tg-TG11,Bronzong,Astral Radiance Trainer Gallery,TG11,30,Rare,Bronzong Astral Radiance Trainer Gallery TG11/30 pokemon card,,,
52,en-swsh10tg-TG12,swsh10tg-TG12,Hoothoot,Astral Radiance Trainer Gallery,TG12,30,Rare,Hoothoot Astral Radiance Trainer Gallery TG12/30 pokemon card,,,
53,en-swsh10tg-TG13,swsh10tg-TG13,Starmie V,Astral Radiance Trainer Gallery,TG13,30,Ultra Rare,Starmie V Astral Radiance Trainer Gallery TG13/30 pokemon card,,,
54,en-swsh10tg-TG14,swsh10tg-TG14,Ice Rider Calyrex V,Astral Radiance Trainer Gallery,TG14,30,Ultra Rare,Ice Rider Calyrex V Astral Radiance Trainer Gallery TG14/30 pokemon card,,,
55,en-swsh10tg-TG15,swsh10tg-TG15,Ice Rider Calyrex VMAX,Astral Radiance Trainer Gallery,TG15,30,Ultra Rare,Ice Rider Calyrex VMAX Astral Radiance Trainer Gallery TG15/30 pokemon card,,,
56,en-swsh10tg-TG16,swsh10tg-TG16,Galarian Articuno V,Astral Radiance Trainer Gallery,TG16,30,Ultra Rare,Galarian Articuno V Astral Radiance Trainer Gallery TG16/30 pokemon card,,,
57,en-swsh10tg-TG17,swsh10tg-TG17,Shadow Rider Calyrex V,Astral Radiance Trainer Gallery,TG17,30,Ultra Rare,Shadow Rider Calyrex V Astral Radiance Trainer Gallery TG17/30 pokemon card,,,
58,en-swsh10tg-TG18,swsh10tg-TG18,Shadow Rider Calyrex VMAX,Astral Radiance Trainer Gallery,TG18,30,Ultra Rare,Shadow Rider Calyrex VMAX Astral Radiance Trainer Gallery TG18/30 pokemon card,,,
59,en-swsh10tg-TG19,swsh10tg-TG19,Galarian Zapdos V,Astral Radiance Trainer Gallery,TG19,30,Ultra Rare,Galarian Zapdos V Astral Radiance Trainer Gallery TG19/30 pokemon card,,,
60,en-swsh10tg-TG20,swsh10tg-TG20,Galarian Moltres V,Astral Radiance Trainer Gallery,TG20,30,Ultra Rare,Galarian Moltres V Astral Radiance Trainer Gallery TG20/30 pokemon card,,,
61,en-swsh10tg-TG21,swsh10tg-TG21,Zacian V,Astral Radiance Trainer Gallery,TG21,30,Ultra Rare,Zacian V Astral Radiance Trainer Gallery TG21/30 pokemon card,,,
62,en-swsh10tg-TG22,swsh10tg-TG22,Zamazenta V,Astral Radiance Trainer Gallery,TG22,30,Ultra Rare,Zamazenta V Astral Radiance Trainer Gallery TG22/30 pokemon card,,,
63,en-swsh10tg-TG23,swsh10tg-TG23,Garchomp V,Astral Radiance Trainer Gallery,TG23,30,Ultra Rare,Garchomp V Astral Radiance Trainer Gallery TG23/30 pokemon card,,,
64,en-swsh10tg-TG24,swsh10tg-TG24,Allister,Astral Radiance Trainer Gallery,TG24,30,Ultra Rare,Allister Astral Radiance Trainer Gallery TG24/30 pokemon card,,,
65,en-swsh10tg-TG25,swsh10tg-TG25,Bea,Astral Radiance Trainer Gallery,TG25,30,Ultra Rare,Bea Astral Radiance Trainer Gallery TG25/30 pokemon card,,,
66,en-swsh10tg-TG26,swsh10tg-TG26,Melony,Astral Radiance Trainer Gallery,TG26,30,Ultra Rare,Melony Astral Radiance Trainer Gallery TG26/30 pokemon card,,,
67,en-swsh10tg-TG27,swsh10tg-TG27,Milo,Astral Radiance Trainer Gallery,TG27,30,Ultra Rare,Milo Astral Radiance Trainer Gallery TG27/30 pokemon card,,,
68,en-swsh10tg-TG28,swsh10tg-TG28,Piers,Astral Radiance Trainer Gallery,TG28,30,Ultra Rare,Piers Astral Radiance Trainer Gallery TG28/30 pokemon card,,,
69,en-swsh10tg-TG29,swsh10tg-TG29,Ice Rider Calyrex VMAX,Astral Radiance Trainer Gallery,TG29,30,Secret Rare,Ice Rider Calyrex VMAX Astral Radiance Trainer Gallery TG29/30 pokemon card,,,
70,en-swsh10tg-TG30,swsh10tg-TG30,Shadow Rider Calyrex VMAX,Astral Radiance Trainer Gallery,TG30,30,Secret Rare,Shadow Rider Calyrex VMAX Astral Radiance Trainer Gallery TG30/30 pokemon card,,,
71,en-xy8-146a,xy8-146a,Professor's Letter,BREAKthrough,146a,162,None,Professor's Letter BREAKthrough 146a/162 pokemon card,,,
72,en-bwp-BW04,bwp-BW04,Reshiram,BW Black Star Promos,BW04,101,Rare,Reshiram BW Black Star Promos BW04/101 pokemon card,,,
73,en-bwp-BW05,bwp-BW05,Zekrom,BW Black Star Promos,BW05,101,Rare,Zekrom BW Black Star Promos BW05/101 pokemon card,,,
74,en-bwp-BW96,bwp-BW96,Tornadus-EX,BW Black Star Promos,BW96,101,Common,Tornadus-EX BW Black Star Promos BW96/101 pokemon card,,,
75,en-tk-bw-e-1,tk-bw-e-1,Lillipup,BW trainer Kit (Excadrill),1,30,None,Lillipup BW trainer Kit (Excadrill) 1/30 pokemon card,,,
76,en-tk-bw-e-10,tk-bw-e-10,Fighting Energy,BW trainer Kit (Excadrill),10,30,None,Fighting Energy BW trainer Kit (Excadrill) 10/30 pokemon card,,,
77,en-tk-bw-e-11,tk-bw-e-11,Timburr,BW trainer Kit (Excadrill),11,30,None,Timburr BW trainer Kit (Excadrill) 11/30 pokemon card,,,
78,en-tk-bw-e-12,tk-bw-e-12,Audino,BW trainer Kit (Excadrill),12,30,None,Audino BW trainer Kit (Excadrill) 12/30 pokemon card,,,
79,en-tk-bw-e-13,tk-bw-e-13,Drilbur,BW trainer Kit (Excadrill),13,30,None,Drilbur BW trainer Kit (Excadrill) 13/30 pokemon card,,,
80,en-tk-bw-e-14,tk-bw-e-14,Gurdurr,BW trainer Kit (Excadrill),14,30,None,Gurdurr BW trainer Kit (Excadrill) 14/30 pokemon card,,,
81,en-tk-bw-e-15,tk-bw-e-15,Potion,BW trainer Kit (Excadrill),15,30,None,Potion BW trainer Kit (Excadrill) 15/30 pokemon card,,,
82,en-tk-bw-e-16,tk-bw-e-16,PlusPower,BW trainer Kit (Excadrill),16,30,None,PlusPower BW trainer Kit (Excadrill) 16/30 pokemon card,,,
83,en-tk-bw-e-17,tk-bw-e-17,Excadrill,BW trainer Kit (Excadrill),17,30,None,Excadrill BW trainer Kit (Excadrill) 17/30 pokemon card,,,
84,en-tk-bw-e-18,tk-bw-e-18,Audino,BW trainer Kit (Excadrill),18,30,None,Audino BW trainer Kit (Excadrill) 18/30 pokemon card,,,
85,en-tk-bw-e-19,tk-bw-e-19,Herdier,BW trainer Kit (Excadrill),19,30,None,Herdier BW trainer Kit (Excadrill) 19/30 pokemon card,,,
86,en-tk-bw-e-2,tk-bw-e-2,Fighting Energy,BW trainer Kit (Excadrill),2,30,None,Fighting Energy BW trainer Kit (Excadrill) 2/30 pokemon card,,,
87,en-tk-bw-e-20,tk-bw-e-20,Fighting Energy,BW trainer Kit (Excadrill),20,30,None,Fighting Energy BW trainer Kit (Excadrill) 20/30 pokemon card,,,
88,en-tk-bw-e-21,tk-bw-e-21,Energy Search,BW trainer Kit (Excadrill),21,30,None,Energy Search BW trainer Kit (Excadrill) 21/30 pokemon card,,,
89,en-tk-bw-e-22,tk-bw-e-22,Fighting Energy,BW trainer Kit (Excadrill),22,30,None,Fighting Energy BW trainer Kit (Excadrill) 22/30 pokemon card,,,
90,en-tk-bw-e-23,tk-bw-e-23,Potion,BW trainer Kit (Excadrill),23,30,None,Potion BW trainer Kit (Excadrill) 23/30 pokemon card,,,
91,en-tk-bw-e-24,tk-bw-e-24,Pokémon Communication,BW trainer Kit (Excadrill),24,30,None,Pokémon Communication BW trainer Kit (Excadrill) 24/30 pokemon card,,,
92,en-tk-bw-e-25,tk-bw-e-25,Drilbur,BW trainer Kit (Excadrill),25,30,None,Drilbur BW trainer Kit (Excadrill) 25/30 pokemon card,,,
93,en-tk-bw-e-26,tk-bw-e-26,Fighting Energy,BW trainer Kit (Excadrill),26,30,None,Fighting Energy BW trainer Kit (Excadrill) 26/30 pokemon card,,,
94,en-tk-bw-e-27,tk-bw-e-27,Lillipup,BW trainer Kit (Excadrill),27,30,None,Lillipup BW trainer Kit (Excadrill) 27/30 pokemon card,,,
95,en-tk-bw-e-28,tk-bw-e-28,Fighting Energy,BW trainer Kit (Excadrill),28,30,None,Fighting Energy BW trainer Kit (Excadrill) 28/30 pokemon card,,,
96,en-tk-bw-e-29,tk-bw-e-29,Timburr,BW trainer Kit (Excadrill),29,30,None,Timburr BW trainer Kit (Excadrill) 29/30 pokemon card,,,
97,en-tk-bw-e-3,tk-bw-e-3,Fighting Energy,BW trainer Kit (Excadrill),3,30,None,Fighting Energy BW trainer Kit (Excadrill) 3/30 pokemon card,,,
98,en-tk-bw-e-30,tk-bw-e-30,Excadrill,BW trainer Kit (Excadrill),30,30,None,Excadrill BW trainer Kit (Excadrill) 30/30 pokemon card,,,
99,en-tk-bw-e-4,tk-bw-e-4,Energy Switch,BW trainer Kit (Excadrill),4,30,None,Energy Switch BW trainer Kit (Excadrill) 4/30 pokemon card,,,
100,en-tk-bw-e-5,tk-bw-e-5,Fighting Energy,BW trainer Kit (Excadrill),5,30,None,Fighting Energy BW trainer Kit (Excadrill) 5/30 pokemon card,,,
101,en-tk-bw-e-6,tk-bw-e-6,Fighting Energy,BW trainer Kit (Excadrill),6,30,None,Fighting Energy BW trainer Kit (Excadrill) 6/30 pokemon card,,,
102,en-tk-bw-e-7,tk-bw-e-7,Fighting Energy,BW trainer Kit (Excadrill),7,30,None,Fighting Energy BW trainer Kit (Excadrill) 7/30 pokemon card,,,
103,en-tk-bw-e-8,tk-bw-e-8,Fighting Energy,BW trainer Kit (Excadrill),8,30,None,Fighting Energy BW trainer Kit (Excadrill) 8/30 pokemon card,,,
104,en-tk-bw-e-9,tk-bw-e-9,Fighting Energy,BW trainer Kit (Excadrill),9,30,None,Fighting Energy BW trainer Kit (Excadrill) 9/30 pokemon card,,,
105,en-tk-bw-z-1,tk-bw-z-1,Purrloin,BW trainer Kit (Zoroark),1,30,None,Purrloin BW trainer Kit (Zoroark) 1/30 pokemon card,,,
106,en-tk-bw-z-10,tk-bw-z-10,Darkness Energy,BW trainer Kit (Zoroark),10,30,None,Darkness Energy BW trainer Kit (Zoroark) 10/30 pokemon card,,,
107,en-tk-bw-z-11,tk-bw-z-11,PlusPower,BW trainer Kit (Zoroark),11,30,None,PlusPower BW trainer Kit (Zoroark) 11/30 pokemon card,,,
108,en-tk-bw-z-12,tk-bw-z-12,Patrat,BW trainer Kit (Zoroark),12,30,None,Patrat BW trainer Kit (Zoroark) 12/30 pokemon card,,,
109,en-tk-bw-z-13,tk-bw-z-13,Zorua,BW trainer Kit (Zoroark),13,30,None,Zorua BW trainer Kit (Zoroark) 13/30 pokemon card,,,
110,en-tk-bw-z-14,tk-bw-z-14,Pidove,BW trainer Kit (Zoroark),14,30,None,Pidove BW trainer Kit (Zoroark) 14/30 pokemon card,,,
111,en-tk-bw-z-15,tk-bw-z-15,Tranquill,BW trainer Kit (Zoroark),15,30,None,Tranquill BW trainer Kit (Zoroark) 15/30 pokemon card,,,
112,en-tk-bw-z-16,tk-bw-z-16,Energy Retrieval,BW trainer Kit (Zoroark),16,30,None,Energy Retrieval BW trainer Kit (Zoroark) 16/30 pokemon card,,,
113,en-tk-bw-z-17,tk-bw-z-17,Zoroark,BW trainer Kit (Zoroark),17,30,None,Zoroark BW trainer Kit (Zoroark) 17/30 pokemon card,,,
114,en-tk-bw-z-18,tk-bw-z-18,Pokémon Communication,BW trainer Kit (Zoroark),18,30,None,Pokémon Communication BW trainer Kit (Zoroark) 18/30 pokemon card,,,
115,en-tk-bw-z-19,tk-bw-z-19,Minccino,BW trainer Kit (Zoroark),19,30,None,Minccino BW trainer Kit (Zoroark) 19/30 pokemon card,,,
116,en-tk-bw-z-2,tk-bw-z-2,Watchog,BW trainer Kit (Zoroark),2,30,None,Watchog BW trainer Kit (Zoroark) 2/30 pokemon card,,,
117,en-tk-bw-z-20,tk-bw-z-20,Darkness Energy,BW trainer Kit (Zoroark),20,30,None,Darkness Energy BW trainer Kit (Zoroark) 20/30 pokemon card,,,
118,en-tk-bw-z-21,tk-bw-z-21,Pidove,BW trainer Kit (Zoroark),21,30,None,Pidove BW trainer Kit (Zoroark) 21/30 pokemon card,,,
119,en-tk-bw-z-22,tk-bw-z-22,Darkness Energy,BW trainer Kit (Zoroark),22,30,None,Darkness Energy BW trainer Kit (Zoroark) 22/30 pokemon card,,,
120,en-tk-bw-z-23,tk-bw-z-23,Zorua,BW trainer Kit (Zoroark),23,30,None,Zorua BW trainer Kit (Zoroark) 23/30 pokemon card,,,
121,en-tk-bw-z-24,tk-bw-z-24,Darkness Energy,BW trainer Kit (Zoroark),24,30,None,Darkness Energy BW trainer Kit (Zoroark) 24/30 pokemon card,,,
122,en-tk-bw-z-25,tk-bw-z-25,Purrloin,BW trainer Kit (Zoroark),25,30,None,Purrloin BW trainer Kit (Zoroark) 25/30 pokemon card,,,
123,en-tk-bw-z-26,tk-bw-z-26,Darkness Energy,BW trainer Kit (Zoroark),26,30,None,Darkness Energy BW trainer Kit (Zoroark) 26/30 pokemon card,,,
124,en-tk-bw-z-27,tk-bw-z-27,Energy Search,BW trainer Kit (Zoroark),27,30,None,Energy Search BW trainer Kit (Zoroark) 27/30 pokemon card,,,
125,en-tk-bw-z-28,tk-bw-z-28,Darkness Energy,BW trainer Kit (Zoroark),28,30,None,Darkness Energy BW trainer Kit (Zoroark) 28/30 pokemon card,,,
126,en-tk-bw-z-29,tk-bw-z-29,Patrat,BW trainer Kit (Zoroark),29,30,None,Patrat BW trainer Kit (Zoroark) 29/30 pokemon card,,,
127,en-tk-bw-z-3,tk-bw-z-3,Darkness Energy,BW trainer Kit (Zoroark),3,30,None,Darkness Energy BW trainer Kit (Zoroark) 3/30 pokemon card,,,
128,en-tk-bw-z-30,tk-bw-z-30,Zoroark,BW trainer Kit (Zoroark),30,30,None,Zoroark BW trainer Kit (Zoroark) 30/30 pokemon card,,,
129,en-tk-bw-z-4,tk-bw-z-4,Minccino,BW trainer Kit (Zoroark),4,30,None,Minccino BW trainer Kit (Zoroark) 4/30 pokemon card,,,
130,en-tk-bw-z-5,tk-bw-z-5,Darkness Energy,BW trainer Kit (Zoroark),5,30,None,Darkness Energy BW trainer Kit (Zoroark) 5/30 pokemon card,,,
131,en-tk-bw-z-6,tk-bw-z-6,Darkness Energy,BW trainer Kit (Zoroark),6,30,None,Darkness Energy BW trainer Kit (Zoroark) 6/30 pokemon card,,,
132,en-tk-bw-z-7,tk-bw-z-7,Darkness Energy,BW trainer Kit (Zoroark),7,30,None,Darkness Energy BW trainer Kit (Zoroark) 7/30 pokemon card,,,
133,en-tk-bw-z-8,tk-bw-z-8,Darkness Energy,BW trainer Kit (Zoroark),8,30,None,Darkness Energy BW trainer Kit (Zoroark) 8/30 pokemon card,,,
134,en-tk-bw-z-9,tk-bw-z-9,Darkness Energy,BW trainer Kit (Zoroark),9,30,None,Darkness Energy BW trainer Kit (Zoroark) 9/30 pokemon card,,,
135,en-bog-1,bog-1,Electabuzz,Best of game,1,9,None,Electabuzz Best of game 1/9 pokemon card,,,
136,en-bog-2,bog-2,Hitmonchan,Best of game,2,9,None,Hitmonchan Best of game 2/9 pokemon card,,,
137,en-bog-3,bog-3,Professor Elm,Best of game,3,9,None,Professor Elm Best of game 3/9 pokemon card,,,
138,en-bog-4,bog-4,Rocket’s Scizor,Best of game,4,9,None,Rocket’s Scizor Best of game 4/9 pokemon card,,,
139,en-bog-5,bog-5,Rocket’s Sneasel,Best of game,5,9,None,Rocket’s Sneasel Best of game 5/9 pokemon card,,,
140,en-bog-6,bog-6,Dark Ivysaur,Best of game,6,9,None,Dark Ivysaur Best of game 6/9 pokemon card,,,
141,en-bog-7,bog-7,Dark Venusaur,Best of game,7,9,None,Dark Venusaur Best of game 7/9 pokemon card,,,
142,en-bog-8,bog-8,Rocket’s Mewtwo,Best of game,8,9,None,Rocket’s Mewtwo Best of game 8/9 pokemon card,,,
143,en-bog-9,bog-9,Rocket’s Hitmonchan,Best of game,9,9,None,Rocket’s Hitmonchan Best of game 9/9 pokemon card,,,
144,en-swsh9tg-TG01,swsh9tg-TG01,Flareon,Brilliant Stars Trainer Gallery,TG01,30,Rare,Flareon Brilliant Stars Trainer Gallery TG01/30 pokemon card,,,
145,en-swsh9tg-TG02,swsh9tg-TG02,Vaporeon,Brilliant Stars Trainer Gallery,TG02,30,Rare,Vaporeon Brilliant Stars Trainer Gallery TG02/30 pokemon card,,,
146,en-swsh9tg-TG03,swsh9tg-TG03,Octillery,Brilliant Stars Trainer Gallery,TG03,30,Rare,Octillery Brilliant Stars Trainer Gallery TG03/30 pokemon card,,,
147,en-swsh9tg-TG04,swsh9tg-TG04,Jolteon,Brilliant Stars Trainer Gallery,TG04,30,Rare,Jolteon Brilliant Stars Trainer Gallery TG04/30 pokemon card,,,
148,en-swsh9tg-TG05,swsh9tg-TG05,Zekrom,Brilliant Stars Trainer Gallery,TG05,30,Rare,Zekrom Brilliant Stars Trainer Gallery TG05/30 pokemon card,,,
149,en-swsh9tg-TG06,swsh9tg-TG06,Dusknoir,Brilliant Stars Trainer Gallery,TG06,30,Rare,Dusknoir Brilliant Stars Trainer Gallery TG06/30 pokemon card,,,
150,en-swsh9tg-TG07,swsh9tg-TG07,Dedenne,Brilliant Stars Trainer Gallery,TG07,30,Rare,Dedenne Brilliant Stars Trainer Gallery TG07/30 pokemon card,,,
151,en-swsh9tg-TG08,swsh9tg-TG08,Alcremie,Brilliant Stars Trainer Gallery,TG08,30,Rare,Alcremie Brilliant Stars Trainer Gallery TG08/30 pokemon card,,,
152,en-swsh9tg-TG09,swsh9tg-TG09,Ariados,Brilliant Stars Trainer Gallery,TG09,30,Rare,Ariados Brilliant Stars Trainer Gallery TG09/30 pokemon card,,,
153,en-swsh9tg-TG10,swsh9tg-TG10,Houndoom,Brilliant Stars Trainer Gallery,TG10,30,Rare,Houndoom Brilliant Stars Trainer Gallery TG10/30 pokemon card,,,
154,en-swsh9tg-TG11,swsh9tg-TG11,Eevee,Brilliant Stars Trainer Gallery,TG11,30,Rare,Eevee Brilliant Stars Trainer Gallery TG11/30 pokemon card,,,
155,en-swsh9tg-TG12,swsh9tg-TG12,Oranguru,Brilliant Stars Trainer Gallery,TG12,30,Rare,Oranguru Brilliant Stars Trainer Gallery TG12/30 pokemon card,,,
156,en-swsh9tg-TG13,swsh9tg-TG13,Boltund V,Brilliant Stars Trainer Gallery,TG13,30,Ultra Rare,Boltund V Brilliant Stars Trainer Gallery TG13/30 pokemon card,,,
157,en-swsh9tg-TG14,swsh9tg-TG14,Sylveon V,Brilliant Stars Trainer Gallery,TG14,30,Ultra Rare,Sylveon V Brilliant Stars Trainer Gallery TG14/30 pokemon card,,,
158,en-swsh9tg-TG15,swsh9tg-TG15,Sylveon VMAX,Brilliant Stars Trainer Gallery,TG15,30,Ultra Rare,Sylveon VMAX Brilliant Stars Trainer Gallery TG15/30 pokemon card,,,
159,en-swsh9tg-TG16,swsh9tg-TG16,Mimikyu V,Brilliant Stars Trainer Gallery,TG16,30,Ultra Rare,Mimikyu V Brilliant Stars Trainer Gallery TG16/30 pokemon card,,,
160,en-swsh9tg-TG17,swsh9tg-TG17,Mimikyu VMAX,Brilliant Stars Trainer Gallery,TG17,30,Ultra Rare,Mimikyu VMAX Brilliant Stars Trainer Gallery TG17/30 pokemon card,,,
161,en-swsh9tg-TG18,swsh9tg-TG18,Single Strike Urshifu V,Brilliant Stars Trainer Gallery,TG18,30,Ultra Rare,Single Strike Urshifu V Brilliant Stars Trainer Gallery TG18/30 pokemon card,,,
162,en-swsh9tg-TG19,swsh9tg-TG19,Single Strike Urshifu VMAX,Brilliant Stars Trainer Gallery,TG19,30,Ultra Rare,Single Strike Urshifu VMAX Brilliant Stars Trainer Gallery TG19/30 pokemon card,,,
163,en-swsh9tg-TG20,swsh9tg-TG20,Rapid Strike Urshifu V,Brilliant Stars Trainer Gallery,TG20,30,Ultra Rare,Rapid Strike Urshifu V Brilliant Stars Trainer Gallery TG20/30 pokemon card,,,
164,en-swsh9tg-TG21,swsh9tg-TG21,Rapid Strike Urshifu VMAX,Brilliant Stars Trainer Gallery,TG21,30,Ultra Rare,Rapid Strike Urshifu VMAX Brilliant Stars Trainer Gallery TG21/30 pokemon card,,,
165,en-swsh9tg-TG22,swsh9tg-TG22,Umbreon V,Brilliant Stars Trainer Gallery,TG22,30,Ultra Rare,Umbreon V Brilliant Stars Trainer Gallery TG22/30 pokemon card,,,
166,en-swsh9tg-TG23,swsh9tg-TG23,Umbreon VMAX,Brilliant Stars Trainer Gallery,TG23,30,Ultra Rare,Umbreon VMAX Brilliant Stars Trainer Gallery TG23/30 pokemon card,,,
167,en-swsh9tg-TG24,swsh9tg-TG24,Acerola's Premonition,Brilliant Stars Trainer Gallery,TG24,30,Ultra Rare,Acerola's Premonition Brilliant Stars Trainer Gallery TG24/30 pokemon card,,,
168,en-swsh9tg-TG25,swsh9tg-TG25,Café Master,Brilliant Stars Trainer Gallery,TG25,30,Ultra Rare,Café Master Brilliant Stars Trainer Gallery TG25/30 pokemon card,,,
169,en-swsh9tg-TG26,swsh9tg-TG26,Gloria,Brilliant Stars Trainer Gallery,TG26,30,Ultra Rare,Gloria Brilliant Stars Trainer Gallery TG26/30 pokemon card,,,
170,en-swsh9tg-TG27,swsh9tg-TG27,Rapid Strike Style Mustard,Brilliant Stars Trainer Gallery,TG27,30,Ultra Rare,Rapid Strike Style Mustard Brilliant Stars Trainer Gallery TG27/30 pokemon card,,,
171,en-swsh9tg-TG28,swsh9tg-TG28,Single Strike Style Mustard,Brilliant Stars Trainer Gallery,TG28,30,Ultra Rare,Single Strike Style Mustard Brilliant Stars Trainer Gallery TG28/30 pokemon card,,,
172,en-swsh9tg-TG29,swsh9tg-TG29,Single Strike Urshifu VMAX,Brilliant Stars Trainer Gallery,TG29,30,Secret Rare,Single Strike Urshifu VMAX Brilliant Stars Trainer Gallery TG29/30 pokemon card,,,
173,en-swsh9tg-TG30,swsh9tg-TG30,Rapid Strike Urshifu VMAX,Brilliant Stars Trainer Gallery,TG30,30,Secret Rare,Rapid Strike Urshifu VMAX Brilliant Stars Trainer Gallery TG30/30 pokemon card,,,
174,en-cel25-25,cel25-25,Mew,Celebrations,25,25,Secret Rare,Mew Celebrations 25/25 pokemon card,,,
175,en-cel25cc-CC001,cel25cc-CC001,Blastoise,Celebrations Classic Collection,CC001,25,Classic Collection,Blastoise Celebrations Classic Collection CC001/25 pokemon card,,,
176,en-cel25cc-CC002,cel25cc-CC002,Charizard,Celebrations Classic Collection,CC002,25,Classic Collection,Charizard Celebrations Classic Collection CC002/25 pokemon card,,,
177,en-cel25cc-CC003,cel25cc-CC003,Venusaur,Celebrations Classic Collection,CC003,25,Classic Collection,Venusaur Celebrations Classic Collection CC003/25 pokemon card,,,
178,en-cel25cc-CC004,cel25cc-CC004,Imposter Professor Oak,Celebrations Classic Collection,CC004,25,Classic Collection,Imposter Professor Oak Celebrations Classic Collection CC004/25 pokemon card,,,
179,en-cel25cc-CC005,cel25cc-CC005,Dark Gyarados,Celebrations Classic Collection,CC005,25,Classic Collection,Dark Gyarados Celebrations Classic Collection CC005/25 pokemon card,,,
180,en-cel25cc-CC006,cel25cc-CC006,Here Comes Team Rocket!,Celebrations Classic Collection,CC006,25,Classic Collection,Here Comes Team Rocket! Celebrations Classic Collection CC006/25 pokemon card,,,
181,en-cel25cc-CC007,cel25cc-CC007,Rocket's Zapdos,Celebrations Classic Collection,CC007,25,Classic Collection,Rocket's Zapdos Celebrations Classic Collection CC007/25 pokemon card,,,
182,en-cel25cc-CC008,cel25cc-CC008,_____'s Pikachu,Celebrations Classic Collection,CC008,25,Classic Collection,_____'s Pikachu Celebrations Classic Collection CC008/25 pokemon card,,,
183,en-cel25cc-CC009,cel25cc-CC009,Cleffa,Celebrations Classic Collection,CC009,25,Classic Collection,Cleffa Celebrations Classic Collection CC009/25 pokemon card,,,
184,en-cel25cc-CC010,cel25cc-CC010,Shining Magikarp,Celebrations Classic Collection,CC010,25,Classic Collection,Shining Magikarp Celebrations Classic Collection CC010/25 pokemon card,,,
185,en-cel25cc-CC011,cel25cc-CC011,Team Magma's Groudon,Celebrations Classic Collection,CC011,25,Classic Collection,Team Magma's Groudon Celebrations Classic Collection CC011/25 pokemon card,,,
186,en-cel25cc-CC012,cel25cc-CC012,Rocket's Admin.,Celebrations Classic Collection,CC012,25,Classic Collection,Rocket's Admin. Celebrations Classic Collection CC012/25 pokemon card,,,
187,en-cel25cc-CC013,cel25cc-CC013,Mew ex,Celebrations Classic Collection,CC013,25,Classic Collection,Mew ex Celebrations Classic Collection CC013/25 pokemon card,,,
188,en-cel25cc-CC014,cel25cc-CC014,Gardevoir ex,Celebrations Classic Collection,CC014,25,Classic Collection,Gardevoir ex Celebrations Classic Collection CC014/25 pokemon card,,,
189,en-cel25cc-CC015,cel25cc-CC015,Umbreon ☆,Celebrations Classic Collection,CC015,25,Classic Collection,Umbreon ☆ Celebrations Classic Collection CC015/25 pokemon card,,,
190,en-cel25cc-CC016,cel25cc-CC016,Claydol,Celebrations Classic Collection,CC016,25,Classic Collection,Claydol Celebrations Classic Collection CC016/25 pokemon card,,,
191,en-cel25cc-CC017,cel25cc-CC017,Luxray GL LV.X,Celebrations Classic Collection,CC017,25,Classic Collection,Luxray GL LV.X Celebrations Classic Collection CC017/25 pokemon card,,,
192,en-cel25cc-CC018,cel25cc-CC018,Garchomp C LV.X,Celebrations Classic Collection,CC018,25,Classic Collection,Garchomp C LV.X Celebrations Classic Collection CC018/25 pokemon card,,,
193,en-cel25cc-CC019,cel25cc-CC019,Donphan,Celebrations Classic Collection,CC019,25,Classic Collection,Donphan Celebrations Classic Collection CC019/25 pokemon card,,,
194,en-cel25cc-CC020,cel25cc-CC020,Reshiram,Celebrations Classic Collection,CC020,25,Classic Collection,Reshiram Celebrations Classic Collection CC020/25 pokemon card,,,
195,en-cel25cc-CC021,cel25cc-CC021,Zekrom,Celebrations Classic Collection,CC021,25,Classic Collection,Zekrom Celebrations Classic Collection CC021/25 pokemon card,,,
196,en-cel25cc-CC022,cel25cc-CC022,Mewtwo EX,Celebrations Classic Collection,CC022,25,Classic Collection,Mewtwo EX Celebrations Classic Collection CC022/25 pokemon card,,,
197,en-cel25cc-CC023,cel25cc-CC023,Xerneas EX,Celebrations Classic Collection,CC023,25,Classic Collection,Xerneas EX Celebrations Classic Collection CC023/25 pokemon card,,,
198,en-cel25cc-CC024,cel25cc-CC024,M Rayquaza EX,Celebrations Classic Collection,CC024,25,Classic Collection,M Rayquaza EX Celebrations Classic Collection CC024/25 pokemon card,,,
199,en-cel25cc-CC025,cel25cc-CC025,Tapu Lele GX,Celebrations Classic Collection,CC025,25,Classic Collection,Tapu Lele GX Celebrations Classic Collection CC025/25 pokemon card,,,
200,en-swsh12.5gg-GG01,swsh12.5gg-GG01,Hisuian Voltorb,Crown Zenith Galarian Gallery,GG01,70,Rare,Hisuian Voltorb Crown Zenith Galarian Gallery GG01/70 pokemon card,,,
201,en-swsh12.5gg-GG02,swsh12.5gg-GG02,Kricketune,Crown Zenith Galarian Gallery,GG02,70,Rare,Kricketune Crown Zenith Galarian Gallery GG02/70 pokemon card,,,
202,en-swsh12.5gg-GG03,swsh12.5gg-GG03,Magmortar,Crown Zenith Galarian Gallery,GG03,70,Rare,Magmortar Crown Zenith Galarian Gallery GG03/70 pokemon card,,,
203,en-swsh12.5gg-GG04,swsh12.5gg-GG04,Oricorio,Crown Zenith Galarian Gallery,GG04,70,Rare,Oricorio Crown Zenith Galarian Gallery GG04/70 pokemon card,,,
204,en-swsh12.5gg-GG05,swsh12.5gg-GG05,Lapras,Crown Zenith Galarian Gallery,GG05,70,Rare,Lapras Crown Zenith Galarian Gallery GG05/70 pokemon card,,,
205,en-swsh12.5gg-GG06,swsh12.5gg-GG06,Manaphy,Crown Zenith Galarian Gallery,GG06,70,Rare,Manaphy Crown Zenith Galarian Gallery GG06/70 pokemon card,,,
206,en-swsh12.5gg-GG07,swsh12.5gg-GG07,Keldeo,Crown Zenith Galarian Gallery,GG07,70,Rare,Keldeo Crown Zenith Galarian Gallery GG07/70 pokemon card,,,
207,en-swsh12.5gg-GG08,swsh12.5gg-GG08,Electivire,Crown Zenith Galarian Gallery,GG08,70,Rare,Electivire Crown Zenith Galarian Gallery GG08/70 pokemon card,,,
208,en-swsh12.5gg-GG09,swsh12.5gg-GG09,Toxtricity,Crown Zenith Galarian Gallery,GG09,70,Rare,Toxtricity Crown Zenith Galarian Gallery GG09/70 pokemon card,,,
209,en-swsh12.5gg-GG10,swsh12.5gg-GG10,Mew,Crown Zenith Galarian Gallery,GG10,70,Rare,Mew Crown Zenith Galarian Gallery GG10/70 pokemon card,,,
210,en-swsh12.5gg-GG11,swsh12.5gg-GG11,Lunatone,Crown Zenith Galarian Gallery,GG11,70,Rare,Lunatone Crown Zenith Galarian Gallery GG11/70 pokemon card,,,
211,en-swsh12.5gg-GG12,swsh12.5gg-GG12,Deoxys,Crown Zenith Galarian Gallery,GG12,70,Rare,Deoxys Crown Zenith Galarian Gallery GG12/70 pokemon card,,,
212,en-swsh12.5gg-GG13,swsh12.5gg-GG13,Diancie,Crown Zenith Galarian Gallery,GG13,70,Rare,Diancie Crown Zenith Galarian Gallery GG13/70 pokemon card,,,
213,en-swsh12.5gg-GG14,swsh12.5gg-GG14,Comfey,Crown Zenith Galarian Gallery,GG14,70,Rare,Comfey Crown Zenith Galarian Gallery GG14/70 pokemon card,,,
214,en-swsh12.5gg-GG15,swsh12.5gg-GG15,Solrock,Crown Zenith Galarian Gallery,GG15,70,Rare,Solrock Crown Zenith Galarian Gallery GG15/70 pokemon card,,,
215,en-swsh12.5gg-GG16,swsh12.5gg-GG16,Absol,Crown Zenith Galarian Gallery,GG16,70,Rare,Absol Crown Zenith Galarian Gallery GG16/70 pokemon card,,,
216,en-swsh12.5gg-GG17,swsh12.5gg-GG17,Thievul,Crown Zenith Galarian Gallery,GG17,70,Rare,Thievul Crown Zenith Galarian Gallery GG17/70 pokemon card,,,
217,en-swsh12.5gg-GG18,swsh12.5gg-GG18,Magnezone,Crown Zenith Galarian Gallery,GG18,70,Rare,Magnezone Crown Zenith Galarian Gallery GG18/70 pokemon card,,,
218,en-swsh12.5gg-GG19,swsh12.5gg-GG19,Altaria,Crown Zenith Galarian Gallery,GG19,70,Rare,Altaria Crown Zenith Galarian Gallery GG19/70 pokemon card,,,
219,en-swsh12.5gg-GG20,swsh12.5gg-GG20,Latias,Crown Zenith Galarian Gallery,GG20,70,Rare,Latias Crown Zenith Galarian Gallery GG20/70 pokemon card,,,
220,en-swsh12.5gg-GG21,swsh12.5gg-GG21,Hisuian Goodra,Crown Zenith Galarian Gallery,GG21,70,Rare,Hisuian Goodra Crown Zenith Galarian Gallery GG21/70 pokemon card,,,
221,en-swsh12.5gg-GG22,swsh12.5gg-GG22,Ditto,Crown Zenith Galarian Gallery,GG22,70,Rare,Ditto Crown Zenith Galarian Gallery GG22/70 pokemon card,,,
222,en-swsh12.5gg-GG23,swsh12.5gg-GG23,Dunsparce,Crown Zenith Galarian Gallery,GG23,70,Rare,Dunsparce Crown Zenith Galarian Gallery GG23/70 pokemon card,,,
223,en-swsh12.5gg-GG24,swsh12.5gg-GG24,Miltank,Crown Zenith Galarian Gallery,GG24,70,Rare,Miltank Crown Zenith Galarian Gallery GG24/70 pokemon card,,,
224,en-swsh12.5gg-GG25,swsh12.5gg-GG25,Bibarel,Crown Zenith Galarian Gallery,GG25,70,Rare,Bibarel Crown Zenith Galarian Gallery GG25/70 pokemon card,,,
225,en-swsh12.5gg-GG26,swsh12.5gg-GG26,Riolu,Crown Zenith Galarian Gallery,GG26,70,Rare,Riolu Crown Zenith Galarian Gallery GG26/70 pokemon card,,,
226,en-swsh12.5gg-GG27,swsh12.5gg-GG27,Swablu,Crown Zenith Galarian Gallery,GG27,70,Rare,Swablu Crown Zenith Galarian Gallery GG27/70 pokemon card,,,
227,en-swsh12.5gg-GG28,swsh12.5gg-GG28,Duskull,Crown Zenith Galarian Gallery,GG28,70,Rare,Duskull Crown Zenith Galarian Gallery GG28/70 pokemon card,,,
228,en-swsh12.5gg-GG29,swsh12.5gg-GG29,Bidoof,Crown Zenith Galarian Gallery,GG29,70,Rare,Bidoof Crown Zenith Galarian Gallery GG29/70 pokemon card,,,
229,en-swsh12.5gg-GG30,swsh12.5gg-GG30,Pikachu,Crown Zenith Galarian Gallery,GG30,70,Rare,Pikachu Crown Zenith Galarian Gallery GG30/70 pokemon card,,,
230,en-swsh12.5gg-GG31,swsh12.5gg-GG31,Turtwig,Crown Zenith Galarian Gallery,GG31,70,Rare,Turtwig Crown Zenith Galarian Gallery GG31/70 pokemon card,,,
231,en-swsh12.5gg-GG32,swsh12.5gg-GG32,Paras,Crown Zenith Galarian Gallery,GG32,70,Rare,Paras Crown Zenith Galarian Gallery GG32/70 pokemon card,,,
232,en-swsh12.5gg-GG33,swsh12.5gg-GG33,Poochyena,Crown Zenith Galarian Gallery,GG33,70,Rare,Poochyena Crown Zenith Galarian Gallery GG33/70 pokemon card,,,
233,en-swsh12.5gg-GG34,swsh12.5gg-GG34,Mareep,Crown Zenith Galarian Gallery,GG34,70,Rare,Mareep Crown Zenith Galarian Gallery GG34/70 pokemon card,,,
234,en-swsh12.5gg-GG35,swsh12.5gg-GG35,Leafeon VSTAR,Crown Zenith Galarian Gallery,GG35,70,Ultra Rare,Leafeon VSTAR Crown Zenith Galarian Gallery GG35/70 pokemon card,,,
235,en-swsh12.5gg-GG36,swsh12.5gg-GG36,Entei V,Crown Zenith Galarian Gallery,GG36,70,Ultra Rare,Entei V Crown Zenith Galarian Gallery GG36/70 pokemon card,,,
236,en-swsh12.5gg-GG37,swsh12.5gg-GG37,Simisear VSTAR,Crown Zenith Galarian Gallery,GG37,70,Ultra Rare,Simisear VSTAR Crown Zenith Galarian Gallery GG37/70 pokemon card,,,
237,en-swsh12.5gg-GG38,swsh12.5gg-GG38,Suicune V,Crown Zenith Galarian Gallery,GG38,70,Ultra Rare,Suicune V Crown Zenith Galarian Gallery GG38/70 pokemon card,,,
238,en-swsh12.5gg-GG39,swsh12.5gg-GG39,Lumineon V,Crown Zenith Galarian Gallery,GG39,70,Ultra Rare,Lumineon V Crown Zenith Galarian Gallery GG39/70 pokemon card,,,
239,en-swsh12.5gg-GG40,swsh12.5gg-GG40,Glaceon VSTAR,Crown Zenith Galarian Gallery,GG40,70,Ultra Rare,Glaceon VSTAR Crown Zenith Galarian Gallery GG40/70 pokemon card,,,
240,en-swsh12.5gg-GG41,swsh12.5gg-GG41,Raikou V,Crown Zenith Galarian Gallery,GG41,70,Ultra Rare,Raikou V Crown Zenith Galarian Gallery GG41/70 pokemon card,,,
241,en-swsh12.5gg-GG42,swsh12.5gg-GG42,Zeraora VMAX,Crown Zenith Galarian Gallery,GG42,70,Ultra Rare,Zeraora VMAX Crown Zenith Galarian Gallery GG42/70 pokemon card,,,
242,en-swsh12.5gg-GG43,swsh12.5gg-GG43,Zeraora VSTAR,Crown Zenith Galarian Gallery,GG43,70,Ultra Rare,Zeraora VSTAR Crown Zenith Galarian Gallery GG43/70 pokemon card,,,
243,en-swsh12.5gg-GG44,swsh12.5gg-GG44,Mewtwo VSTAR,Crown Zenith Galarian Gallery,GG44,70,Ultra Rare,Mewtwo VSTAR Crown Zenith Galarian Gallery GG44/70 pokemon card,,,
244,en-swsh12.5gg-GG45,swsh12.5gg-GG45,Deoxys VMAX,Crown Zenith Galarian Gallery,GG45,70,Ultra Rare,Deoxys VMAX Crown Zenith Galarian Gallery GG45/70 pokemon card,,,
245,en-swsh12.5gg-GG46,swsh12.5gg-GG46,Deoxys VSTAR,Crown Zenith Galarian Gallery,GG46,70,Ultra Rare,Deoxys VSTAR Crown Zenith Galarian Gallery GG46/70 pokemon card,,,
246,en-swsh12.5gg-GG47,swsh12.5gg-GG47,Hatterene VMAX,Crown Zenith Galarian Gallery,GG47,70,Ultra Rare,Hatterene VMAX Crown Zenith Galarian Gallery GG47/70 pokemon card,,,
247,en-swsh12.5gg-GG48,swsh12.5gg-GG48,Zacian V,Crown Zenith Galarian Gallery,GG48,70,Ultra Rare,Zacian V Crown Zenith Galarian Gallery GG48/70 pokemon card,,,
248,en-swsh12.5gg-GG49,swsh12.5gg-GG49,Drapion V,Crown Zenith Galarian Gallery,GG49,70,Ultra Rare,Drapion V Crown Zenith Galarian Gallery GG49/70 pokemon card,,,
249,en-swsh12.5gg-GG50,swsh12.5gg-GG50,Darkrai VSTAR,Crown Zenith Galarian Gallery,GG50,70,Ultra Rare,Darkrai VSTAR Crown Zenith Galarian Gallery GG50/70 pokemon card,,,
250,en-swsh12.5gg-GG51,swsh12.5gg-GG51,Hisuian Samurott V,Crown Zenith Galarian Gallery,GG51,70,Ultra Rare,Hisuian Samurott V Crown Zenith Galarian Gallery GG51/70 pokemon card,,,
251,en-swsh12.5gg-GG52,swsh12.5gg-GG52,Hisuian Samurott VSTAR,Crown Zenith Galarian Gallery,GG52,70,Ultra Rare,Hisuian Samurott VSTAR Crown Zenith Galarian Gallery GG52/70 pokemon card,,,
252,en-swsh12.5gg-GG53,swsh12.5gg-GG53,Hoopa V,Crown Zenith Galarian Gallery,GG53,70,Ultra Rare,Hoopa V Crown Zenith Galarian Gallery GG53/70 pokemon card,,,
253,en-swsh12.5gg-GG54,swsh12.5gg-GG54,Zamazenta V,Crown Zenith Galarian Gallery,GG54,70,Ultra Rare,Zamazenta V Crown Zenith Galarian Gallery GG54/70 pokemon card,,,
254,en-swsh12.5gg-GG55,swsh12.5gg-GG55,Regigigas VSTAR,Crown Zenith Galarian Gallery,GG55,70,Ultra Rare,Regigigas VSTAR Crown Zenith Galarian Gallery GG55/70 pokemon card,,,
255,en-swsh12.5gg-GG56,swsh12.5gg-GG56,Hisuian Zoroark VSTAR,Crown Zenith Galarian Gallery,GG56,70,Ultra Rare,Hisuian Zoroark VSTAR Crown Zenith Galarian Gallery GG56/70 pokemon card,,,
256,en-swsh12.5gg-GG57,swsh12.5gg-GG57,Adaman,Crown Zenith Galarian Gallery,GG57,70,Ultra Rare,Adaman Crown Zenith Galarian Gallery GG57/70 pokemon card,,,
257,en-swsh12.5gg-GG58,swsh12.5gg-GG58,Cheren's Care,Crown Zenith Galarian Gallery,GG58,70,Ultra Rare,Cheren's Care Crown Zenith Galarian Gallery GG58/70 pokemon card,,,
258,en-swsh12.5gg-GG59,swsh12.5gg-GG59,Colress's Experiment,Crown Zenith Galarian Gallery,GG59,70,Ultra Rare,Colress's Experiment Crown Zenith Galarian Gallery GG59/70 pokemon card,,,
259,en-swsh12.5gg-GG60,swsh12.5gg-GG60,Cynthia's Ambition,Crown Zenith Galarian Gallery,GG60,70,Ultra Rare,Cynthia's Ambition Crown Zenith Galarian Gallery GG60/70 pokemon card,,,
260,en-swsh12.5gg-GG61,swsh12.5gg-GG61,Gardenia's Vigor,Crown Zenith Galarian Gallery,GG61,70,Ultra Rare,Gardenia's Vigor Crown Zenith Galarian Gallery GG61/70 pokemon card,,,
261,en-swsh12.5gg-GG62,swsh12.5gg-GG62,Grant,Crown Zenith Galarian Gallery,GG62,70,Ultra Rare,Grant Crown Zenith Galarian Gallery GG62/70 pokemon card,,,
262,en-swsh12.5gg-GG63,swsh12.5gg-GG63,Irida,Crown Zenith Galarian Gallery,GG63,70,Ultra Rare,Irida Crown Zenith Galarian Gallery GG63/70 pokemon card,,,
263,en-swsh12.5gg-GG64,swsh12.5gg-GG64,Melony,Crown Zenith Galarian Gallery,GG64,70,Ultra Rare,Melony Crown Zenith Galarian Gallery GG64/70 pokemon card,,,
264,en-swsh12.5gg-GG65,swsh12.5gg-GG65,Raihan,Crown Zenith Galarian Gallery,GG65,70,Ultra Rare,Raihan Crown Zenith Galarian Gallery GG65/70 pokemon card,,,
265,en-swsh12.5gg-GG66,swsh12.5gg-GG66,Roxanne,Crown Zenith Galarian Gallery,GG66,70,Ultra Rare,Roxanne Crown Zenith Galarian Gallery GG66/70 pokemon card,,,
266,en-swsh12.5gg-GG67,swsh12.5gg-GG67,Origin Forme Palkia VSTAR,Crown Zenith Galarian Gallery,GG67,70,Secret Rare,Origin Forme Palkia VSTAR Crown Zenith Galarian Gallery GG67/70 pokemon card,,,
267,en-swsh12.5gg-GG68,swsh12.5gg-GG68,Origin Forme Dialga VSTAR,Crown Zenith Galarian Gallery,GG68,70,Secret Rare,Origin Forme Dialga VSTAR Crown Zenith Galarian Gallery GG68/70 pokemon card,,,
268,en-swsh12.5gg-GG69,swsh12.5gg-GG69,Giratina VSTAR,Crown Zenith Galarian Gallery,GG69,70,Secret Rare,Giratina VSTAR Crown Zenith Galarian Gallery GG69/70 pokemon card,,,
269,en-swsh12.5gg-GG70,swsh12.5gg-GG70,Arceus VSTAR,Crown Zenith Galarian Gallery,GG70,70,Secret Rare,Arceus VSTAR Crown Zenith Galarian Gallery GG70/70 pokemon card,,,
270,en-tk-dp-l-1,tk-dp-l-1,Geodude,DP trainer Kit (Lucario),1,11,None,Geodude DP trainer Kit (Lucario) 1/11 pokemon card,,,
271,en-tk-dp-l-10,tk-dp-l-10,Quick Ball,DP trainer Kit (Lucario),10,11,None,Quick Ball DP trainer Kit (Lucario) 10/11 pokemon card,,,
272,en-tk-dp-l-11,tk-dp-l-11,Fighting Energy,DP trainer Kit (Lucario),11,11,None,Fighting Energy DP trainer Kit (Lucario) 11/11 pokemon card,,,
273,en-tk-dp-l-2,tk-dp-l-2,Graveler,DP trainer Kit (Lucario),2,11,None,Graveler DP trainer Kit (Lucario) 2/11 pokemon card,,,
274,en-tk-dp-l-3,tk-dp-l-3,Lucario,DP trainer Kit (Lucario),3,11,None,Lucario DP trainer Kit (Lucario) 3/11 pokemon card,,,
275,en-tk-dp-l-4,tk-dp-l-4,Machoke,DP trainer Kit (Lucario),4,11,None,Machoke DP trainer Kit (Lucario) 4/11 pokemon card,,,
276,en-tk-dp-l-5,tk-dp-l-5,Machop,DP trainer Kit (Lucario),5,11,None,Machop DP trainer Kit (Lucario) 5/11 pokemon card,,,
277,en-tk-dp-l-6,tk-dp-l-6,Riolu,DP trainer Kit (Lucario),6,11,None,Riolu DP trainer Kit (Lucario) 6/11 pokemon card,,,
278,en-tk-dp-l-7,tk-dp-l-7,Starly,DP trainer Kit (Lucario),7,11,None,Starly DP trainer Kit (Lucario) 7/11 pokemon card,,,
279,en-tk-dp-l-8,tk-dp-l-8,Energy Search,DP trainer Kit (Lucario),8,11,None,Energy Search DP trainer Kit (Lucario) 8/11 pokemon card,,,
280,en-tk-dp-l-9,tk-dp-l-9,Potion,DP trainer Kit (Lucario),9,11,None,Potion DP trainer Kit (Lucario) 9/11 pokemon card,,,
281,en-tk-dp-m-1,tk-dp-m-1,Buizel,DP trainer Kit (Manaphy),1,12,None,Buizel DP trainer Kit (Manaphy) 1/12 pokemon card,,,
282,en-tk-dp-m-10,tk-dp-m-10,Energy Search,DP trainer Kit (Manaphy),10,12,None,Energy Search DP trainer Kit (Manaphy) 10/12 pokemon card,,,
283,en-tk-dp-m-11,tk-dp-m-11,Potion,DP trainer Kit (Manaphy),11,12,None,Potion DP trainer Kit (Manaphy) 11/12 pokemon card,,,
284,en-tk-dp-m-12,tk-dp-m-12,Water Energy,DP trainer Kit (Manaphy),12,12,None,Water Energy DP trainer Kit (Manaphy) 12/12 pokemon card,,,
285,en-tk-dp-m-2,tk-dp-m-2,Floatzel,DP trainer Kit (Manaphy),2,12,None,Floatzel DP trainer Kit (Manaphy) 2/12 pokemon card,,,
286,en-tk-dp-m-3,tk-dp-m-3,Goldeen,DP trainer Kit (Manaphy),3,12,None,Goldeen DP trainer Kit (Manaphy) 3/12 pokemon card,,,
287,en-tk-dp-m-4,tk-dp-m-4,Manaphy,DP trainer Kit (Manaphy),4,12,None,Manaphy DP trainer Kit (Manaphy) 4/12 pokemon card,,,
288,en-tk-dp-m-5,tk-dp-m-5,Piplup,DP trainer Kit (Manaphy),5,12,None,Piplup DP trainer Kit (Manaphy) 5/12 pokemon card,,,
289,en-tk-dp-m-6,tk-dp-m-6,Prinplup,DP trainer Kit (Manaphy),6,12,None,Prinplup DP trainer Kit (Manaphy) 6/12 pokemon card,,,
290,en-tk-dp-m-7,tk-dp-m-7,Seaking,DP trainer Kit (Manaphy),7,12,None,Seaking DP trainer Kit (Manaphy) 7/12 pokemon card,,,
291,en-tk-dp-m-8,tk-dp-m-8,Totodile,DP trainer Kit (Manaphy),8,12,None,Totodile DP trainer Kit (Manaphy) 8/12 pokemon card,,,
292,en-tk-dp-m-9,tk-dp-m-9,Dusk Ball,DP trainer Kit (Manaphy),9,12,None,Dusk Ball DP trainer Kit (Manaphy) 9/12 pokemon card,,,
293,en-sm7.5-1,sm7.5-1,Charmander,Dragon Majesty,1,70,Common,Charmander Dragon Majesty 1/70 pokemon card,,,
294,en-sm7.5-10,sm7.5-10,Heatmor,Dragon Majesty,10,70,Uncommon,Heatmor Dragon Majesty 10/70 pokemon card,,,
295,en-sm7.5-11,sm7.5-11,Reshiram GX,Dragon Majesty,11,70,Ultra Rare,Reshiram GX Dragon Majesty 11/70 pokemon card,,,
296,en-sm7.5-12,sm7.5-12,Litten,Dragon Majesty,12,70,Common,Litten Dragon Majesty 12/70 pokemon card,,,
297,en-sm7.5-13,sm7.5-13,Salandit,Dragon Majesty,13,70,Common,Salandit Dragon Majesty 13/70 pokemon card,,,
298,en-sm7.5-14,sm7.5-14,Salazzle,Dragon Majesty,14,70,Uncommon,Salazzle Dragon Majesty 14/70 pokemon card,,,
299,en-sm7.5-15,sm7.5-15,Horsea,Dragon Majesty,15,70,Common,Horsea Dragon Majesty 15/70 pokemon card,,,
300,en-sm7.5-16,sm7.5-16,Horsea,Dragon Majesty,16,70,Common,Horsea Dragon Majesty 16/70 pokemon card,,,
301,en-sm7.5-17,sm7.5-17,Seadra,Dragon Majesty,17,70,Uncommon,Seadra Dragon Majesty 17/70 pokemon card,,,
302,en-sm7.5-18,sm7.5-18,Kingdra GX,Dragon Majesty,18,70,Ultra Rare,Kingdra GX Dragon Majesty 18/70 pokemon card,,,
303,en-sm7.5-19,sm7.5-19,Magikarp,Dragon Majesty,19,70,Common,Magikarp Dragon Majesty 19/70 pokemon card,,,
304,en-sm7.5-2,sm7.5-2,Charmeleon,Dragon Majesty,2,70,Uncommon,Charmeleon Dragon Majesty 2/70 pokemon card,,,
305,en-sm7.5-20,sm7.5-20,Gyarados,Dragon Majesty,20,70,Rare,Gyarados Dragon Majesty 20/70 pokemon card,,,
306,en-sm7.5-21,sm7.5-21,Lapras,Dragon Majesty,21,70,Uncommon,Lapras Dragon Majesty 21/70 pokemon card,,,
307,en-sm7.5-22,sm7.5-22,Totodile,Dragon Majesty,22,70,Common,Totodile Dragon Majesty 22/70 pokemon card,,,
308,en-sm7.5-23,sm7.5-23,Croconaw,Dragon Majesty,23,70,Uncommon,Croconaw Dragon Majesty 23/70 pokemon card,,,
309,en-sm7.5-24,sm7.5-24,Feraligatr,Dragon Majesty,24,70,Rare,Feraligatr Dragon Majesty 24/70 pokemon card,,,
310,en-sm7.5-25,sm7.5-25,Wooper,Dragon Majesty,25,70,Common,Wooper Dragon Majesty 25/70 pokemon card,,,
311,en-sm7.5-26,sm7.5-26,Quagsire,Dragon Majesty,26,70,Uncommon,Quagsire Dragon Majesty 26/70 pokemon card,,,
312,en-sm7.5-27,sm7.5-27,Corsola,Dragon Majesty,27,70,Common,Corsola Dragon Majesty 27/70 pokemon card,,,
313,en-sm7.5-28,sm7.5-28,Feebas,Dragon Majesty,28,70,Common,Feebas Dragon Majesty 28/70 pokemon card,,,
314,en-sm7.5-29,sm7.5-29,Milotic,Dragon Majesty,29,70,Uncommon,Milotic Dragon Majesty 29/70 pokemon card,,,
315,en-sm7.5-3,sm7.5-3,Charizard,Dragon Majesty,3,70,Rare,Charizard Dragon Majesty 3/70 pokemon card,,,
316,en-sm7.5-30,sm7.5-30,Phione,Dragon Majesty,30,70,Uncommon,Phione Dragon Majesty 30/70 pokemon card,,,
317,en-sm7.5-31,sm7.5-31,Wishiwashi,Dragon Majesty,31,70,Common,Wishiwashi Dragon Majesty 31/70 pokemon card,,,
318,en-sm7.5-32,sm7.5-32,Trapinch,Dragon Majesty,32,70,Common,Trapinch Dragon Majesty 32/70 pokemon card,,,
319,en-sm7.5-33,sm7.5-33,Hydreigon,Dragon Majesty,33,70,Rare,Hydreigon Dragon Majesty 33/70 pokemon card,,,
320,en-sm7.5-34,sm7.5-34,Dratini,Dragon Majesty,34,70,Common,Dratini Dragon Majesty 34/70 pokemon card,,,
321,en-sm7.5-35,sm7.5-35,Dratini,Dragon Majesty,35,70,Common,Dratini Dragon Majesty 35/70 pokemon card,,,
322,en-sm7.5-36,sm7.5-36,Dragonair,Dragon Majesty,36,70,Uncommon,Dragonair Dragon Majesty 36/70 pokemon card,,,
323,en-sm7.5-37,sm7.5-37,Dragonite GX,Dragon Majesty,37,70,Ultra Rare,Dragonite GX Dragon Majesty 37/70 pokemon card,,,
324,en-sm7.5-38,sm7.5-38,Vibrava,Dragon Majesty,38,70,Common,Vibrava Dragon Majesty 38/70 pokemon card,,,
325,en-sm7.5-39,sm7.5-39,Flygon,Dragon Majesty,39,70,Uncommon,Flygon Dragon Majesty 39/70 pokemon card,,,
326,en-sm7.5-4,sm7.5-4,Torchic,Dragon Majesty,4,70,Common,Torchic Dragon Majesty 4/70 pokemon card,,,
327,en-sm7.5-40,sm7.5-40,Altaria,Dragon Majesty,40,70,Rare,Altaria Dragon Majesty 40/70 pokemon card,,,
328,en-sm7.5-41,sm7.5-41,Altaria GX,Dragon Majesty,41,70,Ultra Rare,Altaria GX Dragon Majesty 41/70 pokemon card,,,
329,en-sm7.5-42,sm7.5-42,Bagon,Dragon Majesty,42,70,Common,Bagon Dragon Majesty 42/70 pokemon card,,,
330,en-sm7.5-43,sm7.5-43,Shelgon,Dragon Majesty,43,70,Uncommon,Shelgon Dragon Majesty 43/70 pokemon card,,,
331,en-sm7.5-44,sm7.5-44,Salamence GX,Dragon Majesty,44,70,Ultra Rare,Salamence GX Dragon Majesty 44/70 pokemon card,,,
332,en-sm7.5-45,sm7.5-45,Druddigon,Dragon Majesty,45,70,Uncommon,Druddigon Dragon Majesty 45/70 pokemon card,,,
333,en-sm7.5-46,sm7.5-46,Zekrom,Dragon Majesty,46,70,Rare,Zekrom Dragon Majesty 46/70 pokemon card,,,
334,en-sm7.5-47,sm7.5-47,Kyurem,Dragon Majesty,47,70,Rare,Kyurem Dragon Majesty 47/70 pokemon card,,,
335,en-sm7.5-48,sm7.5-48,White Kyurem GX,Dragon Majesty,48,70,Ultra Rare,White Kyurem GX Dragon Majesty 48/70 pokemon card,,,
336,en-sm7.5-49,sm7.5-49,Zygarde,Dragon Majesty,49,70,Uncommon,Zygarde Dragon Majesty 49/70 pokemon card,,,
337,en-sm7.5-5,sm7.5-5,Combusken,Dragon Majesty,5,70,Uncommon,Combusken Dragon Majesty 5/70 pokemon card,,,
338,en-sm7.5-50,sm7.5-50,Turtonator,Dragon Majesty,50,70,Uncommon,Turtonator Dragon Majesty 50/70 pokemon card,,,
339,en-sm7.5-51,sm7.5-51,Drampa,Dragon Majesty,51,70,Uncommon,Drampa Dragon Majesty 51/70 pokemon card,,,
340,en-sm7.5-52,sm7.5-52,Jangmo-o,Dragon Majesty,52,70,Common,Jangmo-o Dragon Majesty 52/70 pokemon card,,,
341,en-sm7.5-53,sm7.5-53,Hakamo-o,Dragon Majesty,53,70,Common,Hakamo-o Dragon Majesty 53/70 pokemon card,,,
342,en-sm7.5-54,sm7.5-54,Kommo-o,Dragon Majesty,54,70,Rare,Kommo-o Dragon Majesty 54/70 pokemon card,,,
343,en-sm7.5-55,sm7.5-55,Kangaskhan,Dragon Majesty,55,70,Common,Kangaskhan Dragon Majesty 55/70 pokemon card,,,
344,en-sm7.5-56,sm7.5-56,Swablu,Dragon Majesty,56,70,Common,Swablu Dragon Majesty 56/70 pokemon card,,,
345,en-sm7.5-57,sm7.5-57,Swablu,Dragon Majesty,57,70,Common,Swablu Dragon Majesty 57/70 pokemon card,,,
346,en-sm7.5-58,sm7.5-58,Blaine’s Last Stand,Dragon Majesty,58,70,Rare,Blaine’s Last Stand Dragon Majesty 58/70 pokemon card,,,
347,en-sm7.5-59,sm7.5-59,Dragon Talon,Dragon Majesty,59,70,Uncommon,Dragon Talon Dragon Majesty 59/70 pokemon card,,,
348,en-sm7.5-6,sm7.5-6,Blaziken,Dragon Majesty,6,70,Rare,Blaziken Dragon Majesty 6/70 pokemon card,,,
349,en-sm7.5-60,sm7.5-60,Fiery Flint,Dragon Majesty,60,70,Uncommon,Fiery Flint Dragon Majesty 60/70 pokemon card,,,
350,en-sm7.5-61,sm7.5-61,Lance ◇,Dragon Majesty,61,70,Rare,Lance ◇ Dragon Majesty 61/70 pokemon card,,,
351,en-sm7.5-62,sm7.5-62,Switch Raft,Dragon Majesty,62,70,Uncommon,Switch Raft Dragon Majesty 62/70 pokemon card,,,
352,en-sm7.5-63,sm7.5-63,Wela Volcano Park,Dragon Majesty,63,70,Uncommon,Wela Volcano Park Dragon Majesty 63/70 pokemon card,,,
353,en-sm7.5-64,sm7.5-64,Zinnia,Dragon Majesty,64,70,Uncommon,Zinnia Dragon Majesty 64/70 pokemon card,,,
354,en-sm7.5-65,sm7.5-65,Reshiram GX,Dragon Majesty,65,70,Ultra Rare,Reshiram GX Dragon Majesty 65/70 pokemon card,,,
355,en-sm7.5-66,sm7.5-66,Kingdra GX,Dragon Majesty,66,70,Ultra Rare,Kingdra GX Dragon Majesty 66/70 pokemon card,,,
356,en-sm7.5-67,sm7.5-67,Dragonite GX,Dragon Majesty,67,70,Ultra Rare,Dragonite GX Dragon Majesty 67/70 pokemon card,,,
357,en-sm7.5-68,sm7.5-68,Altaria GX,Dragon Majesty,68,70,Ultra Rare,Altaria GX Dragon Majesty 68/70 pokemon card,,,
358,en-sm7.5-69,sm7.5-69,Blaine’s Last Stand,Dragon Majesty,69,70,Ultra Rare,Blaine’s Last Stand Dragon Majesty 69/70 pokemon card,,,
359,en-sm7.5-7,sm7.5-7,Victini ◇,Dragon Majesty,7,70,Rare,Victini ◇ Dragon Majesty 7/70 pokemon card,,,
360,en-sm7.5-70,sm7.5-70,Zinnia,Dragon Majesty,70,70,Ultra Rare,Zinnia Dragon Majesty 70/70 pokemon card,,,
361,en-sm7.5-71,sm7.5-71,Reshiram GX,Dragon Majesty,71,70,Secret Rare,Reshiram GX Dragon Majesty 71/70 pokemon card,,,
362,en-sm7.5-72,sm7.5-72,Altaria GX,Dragon Majesty,72,70,Secret Rare,Altaria GX Dragon Majesty 72/70 pokemon card,,,
363,en-sm7.5-73,sm7.5-73,Salamence GX,Dragon Majesty,73,70,Secret Rare,Salamence GX Dragon Majesty 73/70 pokemon card,,,
364,en-sm7.5-74,sm7.5-74,White Kyurem GX,Dragon Majesty,74,70,Secret Rare,White Kyurem GX Dragon Majesty 74/70 pokemon card,,,
365,en-sm7.5-75,sm7.5-75,Dragon Talon,Dragon Majesty,75,70,Secret Rare,Dragon Talon Dragon Majesty 75/70 pokemon card,,,
366,en-sm7.5-76,sm7.5-76,Fiery Flint,Dragon Majesty,76,70,Secret Rare,Fiery Flint Dragon Majesty 76/70 pokemon card,,,
367,en-sm7.5-77,sm7.5-77,Switch Raft,Dragon Majesty,77,70,Secret Rare,Switch Raft Dragon Majesty 77/70 pokemon card,,,
368,en-sm7.5-78,sm7.5-78,Ultra Necrozma GX,Dragon Majesty,78,70,Secret Rare,Ultra Necrozma GX Dragon Majesty 78/70 pokemon card,,,
369,en-sm7.5-8,sm7.5-8,Darumaka,Dragon Majesty,8,70,Common,Darumaka Dragon Majesty 8/70 pokemon card,,,
370,en-sm7.5-9,sm7.5-9,Darmanitan,Dragon Majesty,9,70,Uncommon,Darmanitan Dragon Majesty 9/70 pokemon card,,,
371,en-tk-ex-latia-1,tk-ex-latia-1,Bagon,EX trainer Kit (Latias),1,10,None,Bagon EX trainer Kit (Latias) 1/10 pokemon card,,,
372,en-tk-ex-latia-10,tk-ex-latia-10,Fire Energy,EX trainer Kit (Latias),10,10,None,Fire Energy EX trainer Kit (Latias) 10/10 pokemon card,,,
373,en-tk-ex-latia-2,tk-ex-latia-2,Combusken,EX trainer Kit (Latias),2,10,None,Combusken EX trainer Kit (Latias) 2/10 pokemon card,,,
374,en-tk-ex-latia-3,tk-ex-latia-3,Delcatty,EX trainer Kit (Latias),3,10,None,Delcatty EX trainer Kit (Latias) 3/10 pokemon card,,,
375,en-tk-ex-latia-4,tk-ex-latia-4,Latias,EX trainer Kit (Latias),4,10,None,Latias EX trainer Kit (Latias) 4/10 pokemon card,,,
376,en-tk-ex-latia-5,tk-ex-latia-5,Numel,EX trainer Kit (Latias),5,10,None,Numel EX trainer Kit (Latias) 5/10 pokemon card,,,
377,en-tk-ex-latia-6,tk-ex-latia-6,Skitty,EX trainer Kit (Latias),6,10,None,Skitty EX trainer Kit (Latias) 6/10 pokemon card,,,
378,en-tk-ex-latia-7,tk-ex-latia-7,Torchic,EX trainer Kit (Latias),7,10,None,Torchic EX trainer Kit (Latias) 7/10 pokemon card,,,
379,en-tk-ex-latia-8,tk-ex-latia-8,Potion,EX trainer Kit (Latias),8,10,None,Potion EX trainer Kit (Latias) 8/10 pokemon card,,,
380,en-tk-ex-latia-9,tk-ex-latia-9,Energy Search,EX trainer Kit (Latias),9,10,None,Energy Search EX trainer Kit (Latias) 9/10 pokemon card,,,
381,en-tk-ex-latio-1,tk-ex-latio-1,Electrike,EX trainer Kit (Latios),1,10,None,Electrike EX trainer Kit (Latios) 1/10 pokemon card,,,
382,en-tk-ex-latio-10,tk-ex-latio-10,Lightning Energy,EX trainer Kit (Latios),10,10,None,Lightning Energy EX trainer Kit (Latios) 10/10 pokemon card,,,
383,en-tk-ex-latio-2,tk-ex-latio-2,Latios,EX trainer Kit (Latios),2,10,None,Latios EX trainer Kit (Latios) 2/10 pokemon card,,,
384,en-tk-ex-latio-3,tk-ex-latio-3,Linoone,EX trainer Kit (Latios),3,10,None,Linoone EX trainer Kit (Latios) 3/10 pokemon card,,,
385,en-tk-ex-latio-4,tk-ex-latio-4,Magnemite,EX trainer Kit (Latios),4,10,None,Magnemite EX trainer Kit (Latios) 4/10 pokemon card,,,
386,en-tk-ex-latio-5,tk-ex-latio-5,Magneton,EX trainer Kit (Latios),5,10,None,Magneton EX trainer Kit (Latios) 5/10 pokemon card,,,
387,en-tk-ex-latio-6,tk-ex-latio-6,Pikachu,EX trainer Kit (Latios),6,10,None,Pikachu EX trainer Kit (Latios) 6/10 pokemon card,,,
388,en-tk-ex-latio-7,tk-ex-latio-7,Zigzagoon,EX trainer Kit (Latios),7,10,None,Zigzagoon EX trainer Kit (Latios) 7/10 pokemon card,,,
389,en-tk-ex-latio-8,tk-ex-latio-8,Potion,EX trainer Kit (Latios),8,10,None,Potion EX trainer Kit (Latios) 8/10 pokemon card,,,
390,en-tk-ex-latio-9,tk-ex-latio-9,Energy Search,EX trainer Kit (Latios),9,10,None,Energy Search EX trainer Kit (Latios) 9/10 pokemon card,,,
391,en-tk-ex-m-1,tk-ex-m-1,Arcanine,EX trainer Kit 2 (Minun),1,12,None,Arcanine EX trainer Kit 2 (Minun) 1/12 pokemon card,,,
392,en-tk-ex-m-10,tk-ex-m-10,Potion,EX trainer Kit 2 (Minun),10,12,None,Potion EX trainer Kit 2 (Minun) 10/12 pokemon card,,,
393,en-tk-ex-m-11,tk-ex-m-11,Fire Energy,EX trainer Kit 2 (Minun),11,12,None,Fire Energy EX trainer Kit 2 (Minun) 11/12 pokemon card,,,
394,en-tk-ex-m-12,tk-ex-m-12,Lightning Energy,EX trainer Kit 2 (Minun),12,12,None,Lightning Energy EX trainer Kit 2 (Minun) 12/12 pokemon card,,,
395,en-tk-ex-m-2,tk-ex-m-2,Charmander,EX trainer Kit 2 (Minun),2,12,None,Charmander EX trainer Kit 2 (Minun) 2/12 pokemon card,,,
396,en-tk-ex-m-3,tk-ex-m-3,Charmeleon,EX trainer Kit 2 (Minun),3,12,None,Charmeleon EX trainer Kit 2 (Minun) 3/12 pokemon card,,,
397,en-tk-ex-m-4,tk-ex-m-4,Growlithe,EX trainer Kit 2 (Minun),4,12,None,Growlithe EX trainer Kit 2 (Minun) 4/12 pokemon card,,,
398,en-tk-ex-m-5,tk-ex-m-5,Mareep,EX trainer Kit 2 (Minun),5,12,None,Mareep EX trainer Kit 2 (Minun) 5/12 pokemon card,,,
399,en-tk-ex-m-6,tk-ex-m-6,Minun,EX trainer Kit 2 (Minun),6,12,None,Minun EX trainer Kit 2 (Minun) 6/12 pokemon card,,,
400,en-tk-ex-m-7,tk-ex-m-7,Vulpix,EX trainer Kit 2 (Minun),7,12,None,Vulpix EX trainer Kit 2 (Minun) 7/12 pokemon card,,,
401,en-tk-ex-m-8,tk-ex-m-8,Celio's Network,EX trainer Kit 2 (Minun),8,12,None,Celio's Network EX trainer Kit 2 (Minun) 8/12 pokemon card,,,
402,en-tk-ex-m-9,tk-ex-m-9,Energy Search,EX trainer Kit 2 (Minun),9,12,None,Energy Search EX trainer Kit 2 (Minun) 9/12 pokemon card,,,
403,en-tk-ex-p-1,tk-ex-p-1,Beldum,EX trainer Kit 2 (Plusle),1,12,None,Beldum EX trainer Kit 2 (Plusle) 1/12 pokemon card,,,
404,en-tk-ex-p-10,tk-ex-p-10,Professor Cozmo's Discovery,EX trainer Kit 2 (Plusle),10,12,None,Professor Cozmo's Discovery EX trainer Kit 2 (Plusle) 10/12 pokemon card,,,
405,en-tk-ex-p-11,tk-ex-p-11,Lightning Energy,EX trainer Kit 2 (Plusle),11,12,None,Lightning Energy EX trainer Kit 2 (Plusle) 11/12 pokemon card,,,
406,en-tk-ex-p-12,tk-ex-p-12,Psychic Energy,EX trainer Kit 2 (Plusle),12,12,None,Psychic Energy EX trainer Kit 2 (Plusle) 12/12 pokemon card,,,
407,en-tk-ex-p-2,tk-ex-p-2,Electrike,EX trainer Kit 2 (Plusle),2,12,None,Electrike EX trainer Kit 2 (Plusle) 2/12 pokemon card,,,
408,en-tk-ex-p-3,tk-ex-p-3,Grumpig,EX trainer Kit 2 (Plusle),3,12,None,Grumpig EX trainer Kit 2 (Plusle) 3/12 pokemon card,,,
409,en-tk-ex-p-4,tk-ex-p-4,Meowth,EX trainer Kit 2 (Plusle),4,12,None,Meowth EX trainer Kit 2 (Plusle) 4/12 pokemon card,,,
410,en-tk-ex-p-5,tk-ex-p-5,Metang,EX trainer Kit 2 (Plusle),5,12,None,Metang EX trainer Kit 2 (Plusle) 5/12 pokemon card,,,
411,en-tk-ex-p-6,tk-ex-p-6,Plusle,EX trainer Kit 2 (Plusle),6,12,None,Plusle EX trainer Kit 2 (Plusle) 6/12 pokemon card,,,
412,en-tk-ex-p-7,tk-ex-p-7,Spoink,EX trainer Kit 2 (Plusle),7,12,None,Spoink EX trainer Kit 2 (Plusle) 7/12 pokemon card,,,
413,en-tk-ex-p-8,tk-ex-p-8,Energy Search,EX trainer Kit 2 (Plusle),8,12,None,Energy Search EX trainer Kit 2 (Plusle) 8/12 pokemon card,,,
414,en-tk-ex-p-9,tk-ex-p-9,Potion,EX trainer Kit 2 (Plusle),9,12,None,Potion EX trainer Kit 2 (Plusle) 9/12 pokemon card,,,
415,en-sm6-122,sm6-122,Lucario GX,Forbidden Light,122,131,Ultra Rare,Lucario GX Forbidden Light 122/131 pokemon card,,,
416,en-sm6-126,sm6-126,Xerneas GX,Forbidden Light,126,131,Ultra Rare,Xerneas GX Forbidden Light 126/131 pokemon card,,,
417,en-sm6-134,sm6-134,Naganadel GX,Forbidden Light,134,131,Secret Rare,Naganadel GX Forbidden Light 134/131 pokemon card,,,
418,en-sm6-140,sm6-140,Ultra Necrozma GX,Forbidden Light,140,131,Secret Rare,Ultra Necrozma GX Forbidden Light 140/131 pokemon card,,,
419,en-sm6-82,sm6-82,Dialga GX,Forbidden Light,82,131,Ultra Rare,Dialga GX Forbidden Light 82/131 pokemon card,,,
420,en-sm6-90,sm6-90,Xerneas GX,Forbidden Light,90,131,Ultra Rare,Xerneas GX Forbidden Light 90/131 pokemon card,,,
421,en-sm2-143,sm2-143,Hala,Guardians Rising,143,145,Ultra Rare,Hala Guardians Rising 143/145 pokemon card,,,
422,en-hgssp-HGSS17,hgssp-HGSS17,Minun,HGSS Black Star Promos,HGSS17,25,Promo,Minun HGSS Black Star Promos HGSS17/25 pokemon card,,,
423,en-hgssp-HGSS18,hgssp-HGSS18,Tropical Tidal Wave,HGSS Black Star Promos,HGSS18,25,Promo,Tropical Tidal Wave HGSS Black Star Promos HGSS18/25 pokemon card,,,
424,en-hgssp-HGSS19,hgssp-HGSS19,Raikou,HGSS Black Star Promos,HGSS19,25,Promo,Raikou HGSS Black Star Promos HGSS19/25 pokemon card,,,
425,en-hgssp-HGSS20,hgssp-HGSS20,Entei,HGSS Black Star Promos,HGSS20,25,Promo,Entei HGSS Black Star Promos HGSS20/25 pokemon card,,,
426,en-hgssp-HGSS21,hgssp-HGSS21,Suicune,HGSS Black Star Promos,HGSS21,25,Promo,Suicune HGSS Black Star Promos HGSS21/25 pokemon card,,,
427,en-hgssp-HGSS22,hgssp-HGSS22,Porygon,HGSS Black Star Promos,HGSS22,25,Promo,Porygon HGSS Black Star Promos HGSS22/25 pokemon card,,,
428,en-hgssp-HGSS23,hgssp-HGSS23,Porygon2,HGSS Black Star Promos,HGSS23,25,Promo,Porygon2 HGSS Black Star Promos HGSS23/25 pokemon card,,,
429,en-hgssp-HGSS24,hgssp-HGSS24,Hitmonchan,HGSS Black Star Promos,HGSS24,25,Promo,Hitmonchan HGSS Black Star Promos HGSS24/25 pokemon card,,,
430,en-hgssp-HGSS25,hgssp-HGSS25,Hitmonlee,HGSS Black Star Promos,HGSS25,25,Promo,Hitmonlee HGSS Black Star Promos HGSS25/25 pokemon card,,,
431,en-tk-hs-g-1,tk-hs-g-1,Totodile,HS trainer Kit (Gyarados),1,30,None,Totodile HS trainer Kit (Gyarados) 1/30 pokemon card,,,
432,en-tk-hs-g-10,tk-hs-g-10,Water Energy,HS trainer Kit (Gyarados),10,30,None,Water Energy HS trainer Kit (Gyarados) 10/30 pokemon card,,,
433,en-tk-hs-g-11,tk-hs-g-11,Water Energy,HS trainer Kit (Gyarados),11,30,None,Water Energy HS trainer Kit (Gyarados) 11/30 pokemon card,,,
434,en-tk-hs-g-12,tk-hs-g-12,Magikarp,HS trainer Kit (Gyarados),12,30,None,Magikarp HS trainer Kit (Gyarados) 12/30 pokemon card,,,
435,en-tk-hs-g-13,tk-hs-g-13,Croconaw,HS trainer Kit (Gyarados),13,30,None,Croconaw HS trainer Kit (Gyarados) 13/30 pokemon card,,,
436,en-tk-hs-g-14,tk-hs-g-14,Totodile,HS trainer Kit (Gyarados),14,30,None,Totodile HS trainer Kit (Gyarados) 14/30 pokemon card,,,
437,en-tk-hs-g-15,tk-hs-g-15,Marill,HS trainer Kit (Gyarados),15,30,None,Marill HS trainer Kit (Gyarados) 15/30 pokemon card,,,
438,en-tk-hs-g-16,tk-hs-g-16,Water Energy,HS trainer Kit (Gyarados),16,30,None,Water Energy HS trainer Kit (Gyarados) 16/30 pokemon card,,,
439,en-tk-hs-g-17,tk-hs-g-17,Croconaw,HS trainer Kit (Gyarados),17,30,None,Croconaw HS trainer Kit (Gyarados) 17/30 pokemon card,,,
440,en-tk-hs-g-18,tk-hs-g-18,Bill,HS trainer Kit (Gyarados),18,30,None,Bill HS trainer Kit (Gyarados) 18/30 pokemon card,,,
441,en-tk-hs-g-19,tk-hs-g-19,Magikarp,HS trainer Kit (Gyarados),19,30,None,Magikarp HS trainer Kit (Gyarados) 19/30 pokemon card,,,
442,en-tk-hs-g-2,tk-hs-g-2,Water Energy,HS trainer Kit (Gyarados),2,30,None,Water Energy HS trainer Kit (Gyarados) 2/30 pokemon card,,,
443,en-tk-hs-g-20,tk-hs-g-20,Gyarados,HS trainer Kit (Gyarados),20,30,None,Gyarados HS trainer Kit (Gyarados) 20/30 pokemon card,,,
444,en-tk-hs-g-21,tk-hs-g-21,Energy Switch,HS trainer Kit (Gyarados),21,30,None,Energy Switch HS trainer Kit (Gyarados) 21/30 pokemon card,,,
445,en-tk-hs-g-22,tk-hs-g-22,Pokémon Communication,HS trainer Kit (Gyarados),22,30,None,Pokémon Communication HS trainer Kit (Gyarados) 22/30 pokemon card,,,
446,en-tk-hs-g-23,tk-hs-g-23,Poké Ball,HS trainer Kit (Gyarados),23,30,None,Poké Ball HS trainer Kit (Gyarados) 23/30 pokemon card,,,
447,en-tk-hs-g-24,tk-hs-g-24,Marill,HS trainer Kit (Gyarados),24,30,None,Marill HS trainer Kit (Gyarados) 24/30 pokemon card,,,
448,en-tk-hs-g-25,tk-hs-g-25,Professor Elm's Training Method,HS trainer Kit (Gyarados),25,30,None,Professor Elm's Training Method HS trainer Kit (Gyarados) 25/30 pokemon card,,,
449,en-tk-hs-g-26,tk-hs-g-26,Water Energy,HS trainer Kit (Gyarados),26,30,None,Water Energy HS trainer Kit (Gyarados) 26/30 pokemon card,,,
450,en-tk-hs-g-27,tk-hs-g-27,Pokémon Communication,HS trainer Kit (Gyarados),27,30,None,Pokémon Communication HS trainer Kit (Gyarados) 27/30 pokemon card,,,
451,en-tk-hs-g-28,tk-hs-g-28,Switch,HS trainer Kit (Gyarados),28,30,None,Switch HS trainer Kit (Gyarados) 28/30 pokemon card,,,
452,en-tk-hs-g-29,tk-hs-g-29,Water Energy,HS trainer Kit (Gyarados),29,30,None,Water Energy HS trainer Kit (Gyarados) 29/30 pokemon card,,,
453,en-tk-hs-g-3,tk-hs-g-3,Water Energy,HS trainer Kit (Gyarados),3,30,None,Water Energy HS trainer Kit (Gyarados) 3/30 pokemon card,,,
454,en-tk-hs-g-30,tk-hs-g-30,Gyarados,HS trainer Kit (Gyarados),30,30,None,Gyarados HS trainer Kit (Gyarados) 30/30 pokemon card,,,
455,en-tk-hs-g-4,tk-hs-g-4,Water Energy,HS trainer Kit (Gyarados),4,30,None,Water Energy HS trainer Kit (Gyarados) 4/30 pokemon card,,,
456,en-tk-hs-g-5,tk-hs-g-5,Bill,HS trainer Kit (Gyarados),5,30,None,Bill HS trainer Kit (Gyarados) 5/30 pokemon card,,,
457,en-tk-hs-g-6,tk-hs-g-6,Water Energy,HS trainer Kit (Gyarados),6,30,None,Water Energy HS trainer Kit (Gyarados) 6/30 pokemon card,,,
458,en-tk-hs-g-7,tk-hs-g-7,Water Energy,HS trainer Kit (Gyarados),7,30,None,Water Energy HS trainer Kit (Gyarados) 7/30 pokemon card,,,
459,en-tk-hs-g-8,tk-hs-g-8,Water Energy,HS trainer Kit (Gyarados),8,30,None,Water Energy HS trainer Kit (Gyarados) 8/30 pokemon card,,,
460,en-tk-hs-g-9,tk-hs-g-9,Water Energy,HS trainer Kit (Gyarados),9,30,None,Water Energy HS trainer Kit (Gyarados) 9/30 pokemon card,,,
461,en-tk-hs-r-1,tk-hs-r-1,Moomoo Milk,HS trainer Kit (Raichu),1,30,None,Moomoo Milk HS trainer Kit (Raichu) 1/30 pokemon card,,,
462,en-tk-hs-r-10,tk-hs-r-10,Lightning Energy,HS trainer Kit (Raichu),10,30,None,Lightning Energy HS trainer Kit (Raichu) 10/30 pokemon card,,,
463,en-tk-hs-r-11,tk-hs-r-11,Lightning Energy,HS trainer Kit (Raichu),11,30,None,Lightning Energy HS trainer Kit (Raichu) 11/30 pokemon card,,,
464,en-tk-hs-r-12,tk-hs-r-12,Meowth,HS trainer Kit (Raichu),12,30,None,Meowth HS trainer Kit (Raichu) 12/30 pokemon card,,,
465,en-tk-hs-r-13,tk-hs-r-13,Mareep,HS trainer Kit (Raichu),13,30,None,Mareep HS trainer Kit (Raichu) 13/30 pokemon card,,,
466,en-tk-hs-r-14,tk-hs-r-14,Lightning Energy,HS trainer Kit (Raichu),14,30,None,Lightning Energy HS trainer Kit (Raichu) 14/30 pokemon card,,,
467,en-tk-hs-r-15,tk-hs-r-15,Lightning Energy,HS trainer Kit (Raichu),15,30,None,Lightning Energy HS trainer Kit (Raichu) 15/30 pokemon card,,,
468,en-tk-hs-r-16,tk-hs-r-16,Pikachu,HS trainer Kit (Raichu),16,30,None,Pikachu HS trainer Kit (Raichu) 16/30 pokemon card,,,
469,en-tk-hs-r-17,tk-hs-r-17,Flaaffy,HS trainer Kit (Raichu),17,30,None,Flaaffy HS trainer Kit (Raichu) 17/30 pokemon card,,,
470,en-tk-hs-r-18,tk-hs-r-18,Lightning Energy,HS trainer Kit (Raichu),18,30,None,Lightning Energy HS trainer Kit (Raichu) 18/30 pokemon card,,,
471,en-tk-hs-r-19,tk-hs-r-19,Raichu,HS trainer Kit (Raichu),19,30,None,Raichu HS trainer Kit (Raichu) 19/30 pokemon card,,,
472,en-tk-hs-r-2,tk-hs-r-2,Pikachu,HS trainer Kit (Raichu),2,30,None,Pikachu HS trainer Kit (Raichu) 2/30 pokemon card,,,
473,en-tk-hs-r-20,tk-hs-r-20,Mareep,HS trainer Kit (Raichu),20,30,None,Mareep HS trainer Kit (Raichu) 20/30 pokemon card,,,
474,en-tk-hs-r-21,tk-hs-r-21,Copycat,HS trainer Kit (Raichu),21,30,None,Copycat HS trainer Kit (Raichu) 21/30 pokemon card,,,
475,en-tk-hs-r-22,tk-hs-r-22,Pokémon Collector,HS trainer Kit (Raichu),22,30,None,Pokémon Collector HS trainer Kit (Raichu) 22/30 pokemon card,,,
476,en-tk-hs-r-23,tk-hs-r-23,Lightning Energy,HS trainer Kit (Raichu),23,30,None,Lightning Energy HS trainer Kit (Raichu) 23/30 pokemon card,,,
477,en-tk-hs-r-24,tk-hs-r-24,Switch,HS trainer Kit (Raichu),24,30,None,Switch HS trainer Kit (Raichu) 24/30 pokemon card,,,
478,en-tk-hs-r-25,tk-hs-r-25,Poké Ball,HS trainer Kit (Raichu),25,30,None,Poké Ball HS trainer Kit (Raichu) 25/30 pokemon card,,,
479,en-tk-hs-r-26,tk-hs-r-26,Moomoo Milk,HS trainer Kit (Raichu),26,30,None,Moomoo Milk HS trainer Kit (Raichu) 26/30 pokemon card,,,
480,en-tk-hs-r-27,tk-hs-r-27,Pokémon Collector,HS trainer Kit (Raichu),27,30,None,Pokémon Collector HS trainer Kit (Raichu) 27/30 pokemon card,,,
481,en-tk-hs-r-28,tk-hs-r-28,Lightning Energy,HS trainer Kit (Raichu),28,30,None,Lightning Energy HS trainer Kit (Raichu) 28/30 pokemon card,,,
482,en-tk-hs-r-29,tk-hs-r-29,Energy Switch,HS trainer Kit (Raichu),29,30,None,Energy Switch HS trainer Kit (Raichu) 29/30 pokemon card,,,
483,en-tk-hs-r-3,tk-hs-r-3,Flaaffy,HS trainer Kit (Raichu),3,30,None,Flaaffy HS trainer Kit (Raichu) 3/30 pokemon card,,,
484,en-tk-hs-r-30,tk-hs-r-30,Raichu,HS trainer Kit (Raichu),30,30,None,Raichu HS trainer Kit (Raichu) 30/30 pokemon card,,,
485,en-tk-hs-r-4,tk-hs-r-4,Meowth,HS trainer Kit (Raichu),4,30,None,Meowth HS trainer Kit (Raichu) 4/30 pokemon card,,,
486,en-tk-hs-r-5,tk-hs-r-5,Lightning Energy,HS trainer Kit (Raichu),5,30,None,Lightning Energy HS trainer Kit (Raichu) 5/30 pokemon card,,,
487,en-tk-hs-r-6,tk-hs-r-6,Lightning Energy,HS trainer Kit (Raichu),6,30,None,Lightning Energy HS trainer Kit (Raichu) 6/30 pokemon card,,,
488,en-tk-hs-r-7,tk-hs-r-7,Lightning Energy,HS trainer Kit (Raichu),7,30,None,Lightning Energy HS trainer Kit (Raichu) 7/30 pokemon card,,,
489,en-tk-hs-r-8,tk-hs-r-8,Lightning Energy,HS trainer Kit (Raichu),8,30,None,Lightning Energy HS trainer Kit (Raichu) 8/30 pokemon card,,,
490,en-tk-hs-r-9,tk-hs-r-9,Lightning Energy,HS trainer Kit (Raichu),9,30,None,Lightning Energy HS trainer Kit (Raichu) 9/30 pokemon card,,,
491,en-swsh11tg-TG01,swsh11tg-TG01,Parasect,Lost Origin Trainer Gallery,TG01,30,Rare,Parasect Lost Origin Trainer Gallery TG01/30 pokemon card,,,
492,en-swsh11tg-TG02,swsh11tg-TG02,Roserade,Lost Origin Trainer Gallery,TG02,30,Rare,Roserade Lost Origin Trainer Gallery TG02/30 pokemon card,,,
493,en-swsh11tg-TG03,swsh11tg-TG03,Charizard,Lost Origin Trainer Gallery,TG03,30,Rare,Charizard Lost Origin Trainer Gallery TG03/30 pokemon card,,,
494,en-swsh11tg-TG04,swsh11tg-TG04,Chandelure,Lost Origin Trainer Gallery,TG04,30,Rare,Chandelure Lost Origin Trainer Gallery TG04/30 pokemon card,,,
495,en-swsh11tg-TG05,swsh11tg-TG05,Pikachu,Lost Origin Trainer Gallery,TG05,30,Rare,Pikachu Lost Origin Trainer Gallery TG05/30 pokemon card,,,
496,en-swsh11tg-TG06,swsh11tg-TG06,Gengar,Lost Origin Trainer Gallery,TG06,30,Rare,Gengar Lost Origin Trainer Gallery TG06/30 pokemon card,,,
497,en-swsh11tg-TG07,swsh11tg-TG07,Banette,Lost Origin Trainer Gallery,TG07,30,Rare,Banette Lost Origin Trainer Gallery TG07/30 pokemon card,,,
498,en-swsh11tg-TG08,swsh11tg-TG08,Hisuian Arcanine,Lost Origin Trainer Gallery,TG08,30,Rare,Hisuian Arcanine Lost Origin Trainer Gallery TG08/30 pokemon card,,,
499,en-swsh11tg-TG09,swsh11tg-TG09,Spiritomb,Lost Origin Trainer Gallery,TG09,30,Rare,Spiritomb Lost Origin Trainer Gallery TG09/30 pokemon card,,,
500,en-swsh11tg-TG10,swsh11tg-TG10,Snorlax,Lost Origin Trainer Gallery,TG10,30,Rare,Snorlax Lost Origin Trainer Gallery TG10/30 pokemon card,,,
501,en-swsh11tg-TG11,swsh11tg-TG11,Castform,Lost Origin Trainer Gallery,TG11,30,Rare,Castform Lost Origin Trainer Gallery TG11/30 pokemon card,,,
502,en-swsh11tg-TG12,swsh11tg-TG12,Orbeetle V,Lost Origin Trainer Gallery,TG12,30,Ultra Rare,Orbeetle V Lost Origin Trainer Gallery TG12/30 pokemon card,,,
503,en-swsh11tg-TG13,swsh11tg-TG13,Orbeetle VMAX,Lost Origin Trainer Gallery,TG13,30,Ultra Rare,Orbeetle VMAX Lost Origin Trainer Gallery TG13/30 pokemon card,,,
504,en-swsh11tg-TG14,swsh11tg-TG14,Centiskorch V,Lost Origin Trainer Gallery,TG14,30,Ultra Rare,Centiskorch V Lost Origin Trainer Gallery TG14/30 pokemon card,,,
505,en-swsh11tg-TG15,swsh11tg-TG15,Centiskorch VMAX,Lost Origin Trainer Gallery,TG15,30,Ultra Rare,Centiskorch VMAX Lost Origin Trainer Gallery TG15/30 pokemon card,,,
506,en-swsh11tg-TG16,swsh11tg-TG16,Pikachu V,Lost Origin Trainer Gallery,TG16,30,Ultra Rare,Pikachu V Lost Origin Trainer Gallery TG16/30 pokemon card,,,
507,en-swsh11tg-TG17,swsh11tg-TG17,Pikachu VMAX,Lost Origin Trainer Gallery,TG17,30,Ultra Rare,Pikachu VMAX Lost Origin Trainer Gallery TG17/30 pokemon card,,,
508,en-swsh11tg-TG18,swsh11tg-TG18,Enamorus V,Lost Origin Trainer Gallery,TG18,30,Ultra Rare,Enamorus V Lost Origin Trainer Gallery TG18/30 pokemon card,,,
509,en-swsh11tg-TG19,swsh11tg-TG19,Gallade V,Lost Origin Trainer Gallery,TG19,30,Ultra Rare,Gallade V Lost Origin Trainer Gallery TG19/30 pokemon card,,,
510,en-swsh11tg-TG20,swsh11tg-TG20,Crobat V,Lost Origin Trainer Gallery,TG20,30,Ultra Rare,Crobat V Lost Origin Trainer Gallery TG20/30 pokemon card,,,
511,en-swsh11tg-TG21,swsh11tg-TG21,Eternatus V,Lost Origin Trainer Gallery,TG21,30,Ultra Rare,Eternatus V Lost Origin Trainer Gallery TG21/30 pokemon card,,,
512,en-swsh11tg-TG22,swsh11tg-TG22,Eternatus VMAX,Lost Origin Trainer Gallery,TG22,30,Ultra Rare,Eternatus VMAX Lost Origin Trainer Gallery TG22/30 pokemon card,,,
513,en-swsh11tg-TG23,swsh11tg-TG23,Adventurer's Discovery,Lost Origin Trainer Gallery,TG23,30,Ultra Rare,Adventurer's Discovery Lost Origin Trainer Gallery TG23/30 pokemon card,,,
514,en-swsh11tg-TG24,swsh11tg-TG24,Boss's Orders,Lost Origin Trainer Gallery,TG24,30,Ultra Rare,Boss's Orders Lost Origin Trainer Gallery TG24/30 pokemon card,,,
515,en-swsh11tg-TG25,swsh11tg-TG25,Cook,Lost Origin Trainer Gallery,TG25,30,Ultra Rare,Cook Lost Origin Trainer Gallery TG25/30 pokemon card,,,
516,en-swsh11tg-TG26,swsh11tg-TG26,Kabu,Lost Origin Trainer Gallery,TG26,30,Ultra Rare,Kabu Lost Origin Trainer Gallery TG26/30 pokemon card,,,
517,en-swsh11tg-TG27,swsh11tg-TG27,Nessa,Lost Origin Trainer Gallery,TG27,30,Ultra Rare,Nessa Lost Origin Trainer Gallery TG27/30 pokemon card,,,
518,en-swsh11tg-TG28,swsh11tg-TG28,Opal,Lost Origin Trainer Gallery,TG28,30,Ultra Rare,Opal Lost Origin Trainer Gallery TG28/30 pokemon card,,,
519,en-swsh11tg-TG29,swsh11tg-TG29,Pikachu VMAX,Lost Origin Trainer Gallery,TG29,30,Secret Rare,Pikachu VMAX Lost Origin Trainer Gallery TG29/30 pokemon card,,,
520,en-swsh11tg-TG30,swsh11tg-TG30,Mew VMAX,Lost Origin Trainer Gallery,TG30,30,Secret Rare,Mew VMAX Lost Origin Trainer Gallery TG30/30 pokemon card,,,
521,en-mep-001,mep-001,Meganium,MEP Black Star Promos,001,0,Promo,Meganium MEP Black Star Promos 001/0 pokemon card,,,
522,en-mep-002,mep-002,Inteleon,MEP Black Star Promos,002,0,Promo,Inteleon MEP Black Star Promos 002/0 pokemon card,,,
523,en-mep-003,mep-003,Alakazam,MEP Black Star Promos,003,0,Promo,Alakazam MEP Black Star Promos 003/0 pokemon card,,,
524,en-mep-004,mep-004,Lunatone,MEP Black Star Promos,004,0,Promo,Lunatone MEP Black Star Promos 004/0 pokemon card,,,
525,en-mep-005,mep-005,Drifloon,MEP Black Star Promos,005,0,Promo,Drifloon MEP Black Star Promos 005/0 pokemon card,,,
526,en-mep-006,mep-006,Drifblim,MEP Black Star Promos,006,0,Promo,Drifblim MEP Black Star Promos 006/0 pokemon card,,,
527,en-mep-007,mep-007,Psyduck,MEP Black Star Promos,007,0,Promo,Psyduck MEP Black Star Promos 007/0 pokemon card,,,
528,en-mep-008,mep-008,Golduck,MEP Black Star Promos,008,0,Promo,Golduck MEP Black Star Promos 008/0 pokemon card,,,
529,en-mep-009,mep-009,Alakazam,MEP Black Star Promos,009,0,Promo,Alakazam MEP Black Star Promos 009/0 pokemon card,,,
530,en-mep-010,mep-010,Riolu,MEP Black Star Promos,010,0,Promo,Riolu MEP Black Star Promos 010/0 pokemon card,,,
531,en-mep-011,mep-011,Mega Latias ex,MEP Black Star Promos,011,0,Promo,Mega Latias ex MEP Black Star Promos 011/0 pokemon card,,,
532,en-mep-012,mep-012,Mega Lucario ex,MEP Black Star Promos,012,0,Promo,Mega Lucario ex MEP Black Star Promos 012/0 pokemon card,,,
533,en-mep-013,mep-013,Mega Venusaur ex,MEP Black Star Promos,013,0,Promo,Mega Venusaur ex MEP Black Star Promos 013/0 pokemon card,,,
534,en-mep-014,mep-014,Ceruledge,MEP Black Star Promos,014,0,Promo,Ceruledge MEP Black Star Promos 014/0 pokemon card,,,
535,en-mep-015,mep-015,Zacian,MEP Black Star Promos,015,0,Promo,Zacian MEP Black Star Promos 015/0 pokemon card,,,
536,en-mep-016,mep-016,Flygon,MEP Black Star Promos,016,0,Promo,Flygon MEP Black Star Promos 016/0 pokemon card,,,
537,en-mep-017,mep-017,Toxtricity,MEP Black Star Promos,017,0,Promo,Toxtricity MEP Black Star Promos 017/0 pokemon card,,,
538,en-mep-018,mep-018,Cottonee,MEP Black Star Promos,018,0,Promo,Cottonee MEP Black Star Promos 018/0 pokemon card,,,
539,en-mep-019,mep-019,Whimsicott,MEP Black Star Promos,019,0,Promo,Whimsicott MEP Black Star Promos 019/0 pokemon card,,,
540,en-mep-020,mep-020,Sneasel,MEP Black Star Promos,020,0,Promo,Sneasel MEP Black Star Promos 020/0 pokemon card,,,
541,en-mep-021,mep-021,Weavile,MEP Black Star Promos,021,0,Promo,Weavile MEP Black Star Promos 021/0 pokemon card,,,
542,en-mep-022,mep-022,Charcadet,MEP Black Star Promos,022,0,Promo,Charcadet MEP Black Star Promos 022/0 pokemon card,,,
543,en-mep-023,mep-023,Mega Charizard X ex,MEP Black Star Promos,023,0,Promo,Mega Charizard X ex MEP Black Star Promos 023/0 pokemon card,,,
544,en-mep-024,mep-024,Oricorio ex,MEP Black Star Promos,024,0,Promo,Oricorio ex MEP Black Star Promos 024/0 pokemon card,,,
545,en-mep-025,mep-025,Mega Kangaskhan ex,MEP Black Star Promos,025,0,Promo,Mega Kangaskhan ex MEP Black Star Promos 025/0 pokemon card,,,
546,en-mep-026,mep-026,Meloetta,MEP Black Star Promos,026,0,Promo,Meloetta MEP Black Star Promos 026/0 pokemon card,,,
547,en-mep-027,mep-027,Haunter,MEP Black Star Promos,027,0,Promo,Haunter MEP Black Star Promos 027/0 pokemon card,,,
548,en-mep-028,mep-028,Celebratory Fanfare,MEP Black Star Promos,028,0,Promo,Celebratory Fanfare MEP Black Star Promos 028/0 pokemon card,,,
549,en-mep-029,mep-029,Mega Charizard X ex,MEP Black Star Promos,029,0,Promo,Mega Charizard X ex MEP Black Star Promos 029/0 pokemon card,,,
550,en-mep-030,mep-030,Mega Charizard Y ex,MEP Black Star Promos,030,0,Promo,Mega Charizard Y ex MEP Black Star Promos 030/0 pokemon card,,,
551,en-mep-031,mep-031,N's Zekrom,MEP Black Star Promos,031,0,Promo,N's Zekrom MEP Black Star Promos 031/0 pokemon card,,,
552,en-mep-032,mep-032,Mega Gardevoir ex,MEP Black Star Promos,032,0,Promo,Mega Gardevoir ex MEP Black Star Promos 032/0 pokemon card,,,
553,en-mep-033,mep-033,Mega Lucario ex,MEP Black Star Promos,033,0,Promo,Mega Lucario ex MEP Black Star Promos 033/0 pokemon card,,,
554,en-mep-034,mep-034,Mega Meganium ex,MEP Black Star Promos,034,0,Promo,Mega Meganium ex MEP Black Star Promos 034/0 pokemon card,,,
555,en-mep-035,mep-035,Mega Emboar ex,MEP Black Star Promos,035,0,Promo,Mega Emboar ex MEP Black Star Promos 035/0 pokemon card,,,
556,en-mep-036,mep-036,Mega Feraligatr ex,MEP Black Star Promos,036,0,Promo,Mega Feraligatr ex MEP Black Star Promos 036/0 pokemon card,,,
557,en-mep-037,mep-037,Bulbasaur,MEP Black Star Promos,037,0,Promo,Bulbasaur MEP Black Star Promos 037/0 pokemon card,,,
558,en-mep-038,mep-038,Charmander,MEP Black Star Promos,038,0,Promo,Charmander MEP Black Star Promos 038/0 pokemon card,,,
559,en-mep-039,mep-039,Squirtle,MEP Black Star Promos,039,0,Promo,Squirtle MEP Black Star Promos 039/0 pokemon card,,,
560,en-mep-040,mep-040,Turtwig,MEP Black Star Promos,040,0,Promo,Turtwig MEP Black Star Promos 040/0 pokemon card,,,
561,en-mep-041,mep-041,Chimchar,MEP Black Star Promos,041,0,Promo,Chimchar MEP Black Star Promos 041/0 pokemon card,,,
562,en-mep-042,mep-042,Piplup,MEP Black Star Promos,042,0,Promo,Piplup MEP Black Star Promos 042/0 pokemon card,,,
563,en-mep-043,mep-043,Rowlet,MEP Black Star Promos,043,0,Promo,Rowlet MEP Black Star Promos 043/0 pokemon card,,,
564,en-mep-044,mep-044,Litten,MEP Black Star Promos,044,0,Promo,Litten MEP Black Star Promos 044/0 pokemon card,,,
565,en-mep-045,mep-045,Popplio,MEP Black Star Promos,045,0,Promo,Popplio MEP Black Star Promos 045/0 pokemon card,,,
566,en-mep-046,mep-046,Chikorita,MEP Black Star Promos,046,0,Promo,Chikorita MEP Black Star Promos 046/0 pokemon card,,,
567,en-mep-047,mep-047,Cyndaquil,MEP Black Star Promos,047,0,Promo,Cyndaquil MEP Black Star Promos 047/0 pokemon card,,,
568,en-mep-048,mep-048,Totodile,MEP Black Star Promos,048,0,Promo,Totodile MEP Black Star Promos 048/0 pokemon card,,,
569,en-mep-049,mep-049,Snivy,MEP Black Star Promos,049,0,Promo,Snivy MEP Black Star Promos 049/0 pokemon card,,,
570,en-mep-050,mep-050,Tepig,MEP Black Star Promos,050,0,Promo,Tepig MEP Black Star Promos 050/0 pokemon card,,,
571,en-mep-051,mep-051,Oshawott,MEP Black Star Promos,051,0,Promo,Oshawott MEP Black Star Promos 051/0 pokemon card,,,
572,en-mep-052,mep-052,Grookey,MEP Black Star Promos,052,0,Promo,Grookey MEP Black Star Promos 052/0 pokemon card,,,
573,en-mep-053,mep-053,Scorbunny,MEP Black Star Promos,053,0,Promo,Scorbunny MEP Black Star Promos 053/0 pokemon card,,,
574,en-mep-054,mep-054,Sobble,MEP Black Star Promos,054,0,Promo,Sobble MEP Black Star Promos 054/0 pokemon card,,,
575,en-mep-055,mep-055,Treecko,MEP Black Star Promos,055,0,Promo,Treecko MEP Black Star Promos 055/0 pokemon card,,,
576,en-mep-056,mep-056,Torchic,MEP Black Star Promos,056,0,Promo,Torchic MEP Black Star Promos 056/0 pokemon card,,,
577,en-mep-057,mep-057,Mudkip,MEP Black Star Promos,057,0,Promo,Mudkip MEP Black Star Promos 057/0 pokemon card,,,
578,en-mep-058,mep-058,Chespin,MEP Black Star Promos,058,0,Promo,Chespin MEP Black Star Promos 058/0 pokemon card,,,
579,en-mep-059,mep-059,Fennekin,MEP Black Star Promos,059,0,Promo,Fennekin MEP Black Star Promos 059/0 pokemon card,,,
580,en-mep-060,mep-060,Froakie,MEP Black Star Promos,060,0,Promo,Froakie MEP Black Star Promos 060/0 pokemon card,,,
581,en-mep-061,mep-061,Sprigatito,MEP Black Star Promos,061,0,Promo,Sprigatito MEP Black Star Promos 061/0 pokemon card,,,
582,en-mep-062,mep-062,Fuecoco,MEP Black Star Promos,062,0,Promo,Fuecoco MEP Black Star Promos 062/0 pokemon card,,,
583,en-mep-063,mep-063,Quaxly,MEP Black Star Promos,063,0,Promo,Quaxly MEP Black Star Promos 063/0 pokemon card,,,
584,en-mep-064,mep-064,Serperior,MEP Black Star Promos,064,0,Promo,Serperior MEP Black Star Promos 064/0 pokemon card,,,
585,en-mep-065,mep-065,Barbaracle,MEP Black Star Promos,065,0,Promo,Barbaracle MEP Black Star Promos 065/0 pokemon card,,,
586,en-mep-066,mep-066,Tyrantrum,MEP Black Star Promos,066,0,Promo,Tyrantrum MEP Black Star Promos 066/0 pokemon card,,,
587,en-mep-067,mep-067,Doublade,MEP Black Star Promos,067,0,Promo,Doublade MEP Black Star Promos 067/0 pokemon card,,,
588,en-mep-068,mep-068,Makuhita,MEP Black Star Promos,068,0,Promo,Makuhita MEP Black Star Promos 068/0 pokemon card,,,
589,en-mep-069,mep-069,Chikorita,MEP Black Star Promos,069,0,Promo,Chikorita MEP Black Star Promos 069/0 pokemon card,,,
590,en-mep-070,mep-070,Tyrunt,MEP Black Star Promos,070,0,Promo,Tyrunt MEP Black Star Promos 070/0 pokemon card,,,
591,en-mep-071,mep-071,Mega Zygarde ex,MEP Black Star Promos,071,0,Promo,Mega Zygarde ex MEP Black Star Promos 071/0 pokemon card,,,
592,en-mep-072,mep-072,Mega Clefable ex,MEP Black Star Promos,072,0,Promo,Mega Clefable ex MEP Black Star Promos 072/0 pokemon card,,,
593,en-mep-073,mep-073,Mega Gengar ex,MEP Black Star Promos,073,0,Promo,Mega Gengar ex MEP Black Star Promos 073/0 pokemon card,,,
594,en-mep-074,mep-074,Delphox,MEP Black Star Promos,074,0,Promo,Delphox MEP Black Star Promos 074/0 pokemon card,,,
595,en-mep-075,mep-075,Ampharos,MEP Black Star Promos,075,0,Promo,Ampharos MEP Black Star Promos 075/0 pokemon card,,,
596,en-mep-076,mep-076,Crobat,MEP Black Star Promos,076,0,Promo,Crobat MEP Black Star Promos 076/0 pokemon card,,,
597,en-mep-077,mep-077,Goodra,MEP Black Star Promos,077,0,Promo,Goodra MEP Black Star Promos 077/0 pokemon card,,,
598,en-mep-078,mep-078,Toxel,MEP Black Star Promos,078,0,Promo,Toxel MEP Black Star Promos 078/0 pokemon card,,,
599,en-mep-079,mep-079,Charmeleon,MEP Black Star Promos,079,0,Promo,Charmeleon MEP Black Star Promos 079/0 pokemon card,,,
600,en-mep-080,mep-080,Fennekin,MEP Black Star Promos,080,0,Promo,Fennekin MEP Black Star Promos 080/0 pokemon card,,,
601,en-mep-081,mep-081,Mega Greninja ex,MEP Black Star Promos,081,0,Promo,Mega Greninja ex MEP Black Star Promos 081/0 pokemon card,,,
602,en-mep-082,mep-082,Miraidon,MEP Black Star Promos,082,0,Promo,Miraidon MEP Black Star Promos 082/0 pokemon card,,,
603,en-mep-083,mep-083,Slowbro,MEP Black Star Promos,083,0,Promo,Slowbro MEP Black Star Promos 083/0 pokemon card,,,
604,en-mep-084,mep-084,Dhelmise,MEP Black Star Promos,084,0,Promo,Dhelmise MEP Black Star Promos 084/0 pokemon card,,,
605,en-mep-085,mep-085,Bastiodon,MEP Black Star Promos,085,0,Promo,Bastiodon MEP Black Star Promos 085/0 pokemon card,,,
606,en-mep-086,mep-086,Slowpoke,MEP Black Star Promos,086,0,Promo,Slowpoke MEP Black Star Promos 086/0 pokemon card,,,
607,en-mep-087,mep-087,Binacle,MEP Black Star Promos,087,0,Promo,Binacle MEP Black Star Promos 087/0 pokemon card,,,
608,en-mep-088,mep-088,Zarude,MEP Black Star Promos,088,0,Promo,Zarude MEP Black Star Promos 088/0 pokemon card,,,
609,en-mep-Museum,mep-Museum,Pikachu at the Museum,MEP Black Star Promos,Museum,0,Promo,Pikachu at the Museum MEP Black Star Promos Museum/0 pokemon card,,,
610,en-2011bw-1,2011bw-1,Slam,McDonald's Collection 2011,1,12,None,Slam McDonald's Collection 2011 1/12 pokemon card,,,
611,en-2011bw-10,2011bw-10,Charge Beam,McDonald's Collection 2011,10,12,None,Charge Beam McDonald's Collection 2011 10/12 pokemon card,,,
612,en-2011bw-11,2011bw-11,Growl,McDonald's Collection 2011,11,12,None,Growl McDonald's Collection 2011 11/12 pokemon card,,,
613,en-2011bw-12,2011bw-12,Double Slap,McDonald's Collection 2011,12,12,None,Double Slap McDonald's Collection 2011 12/12 pokemon card,,,
614,en-2011bw-2,2011bw-2,Mega Drain,McDonald's Collection 2011,2,12,None,Mega Drain McDonald's Collection 2011 2/12 pokemon card,,,
615,en-2011bw-3,2011bw-3,Ember,McDonald's Collection 2011,3,12,None,Ember McDonald's Collection 2011 3/12 pokemon card,,,
616,en-2011bw-4,2011bw-4,Water Pulse,McDonald's Collection 2011,4,12,None,Water Pulse McDonald's Collection 2011 4/12 pokemon card,,,
617,en-2011bw-5,2011bw-5,Pound,McDonald's Collection 2011,5,12,None,Pound McDonald's Collection 2011 5/12 pokemon card,,,
618,en-2011bw-6,2011bw-6,Quick Attack,McDonald's Collection 2011,6,12,None,Quick Attack McDonald's Collection 2011 6/12 pokemon card,,,
619,en-2011bw-7,2011bw-7,Yawn,McDonald's Collection 2011,7,12,None,Yawn McDonald's Collection 2011 7/12 pokemon card,,,
620,en-2011bw-8,2011bw-8,Sand Tomb,McDonald's Collection 2011,8,12,None,Sand Tomb McDonald's Collection 2011 8/12 pokemon card,,,
621,en-2011bw-9,2011bw-9,Scratch,McDonald's Collection 2011,9,12,None,Scratch McDonald's Collection 2011 9/12 pokemon card,,,
622,en-2012bw-1,2012bw-1,Wrap,McDonald's Collection 2012,1,12,None,Wrap McDonald's Collection 2012 1/12 pokemon card,,,
623,en-2012bw-10,2012bw-10,Headbutt,McDonald's Collection 2012,10,12,None,Headbutt McDonald's Collection 2012 10/12 pokemon card,,,
624,en-2012bw-11,2012bw-11,Metal Sound,McDonald's Collection 2012,11,12,None,Metal Sound McDonald's Collection 2012 11/12 pokemon card,,,
625,en-2012bw-12,2012bw-12,Dual Chop,McDonald's Collection 2012,12,12,None,Dual Chop McDonald's Collection 2012 12/12 pokemon card,,,
626,en-2012bw-2,2012bw-2,Collect,McDonald's Collection 2012,2,12,None,Collect McDonald's Collection 2012 2/12 pokemon card,,,
627,en-2012bw-3,2012bw-3,Withdraw,McDonald's Collection 2012,3,12,None,Withdraw McDonald's Collection 2012 3/12 pokemon card,,,
628,en-2012bw-4,2012bw-4,Flame Charge,McDonald's Collection 2012,4,12,None,Flame Charge McDonald's Collection 2012 4/12 pokemon card,,,
629,en-2012bw-5,2012bw-5,Water Gun,McDonald's Collection 2012,5,12,None,Water Gun McDonald's Collection 2012 5/12 pokemon card,,,
630,en-2012bw-6,2012bw-6,Thundershock,McDonald's Collection 2012,6,12,None,Thundershock McDonald's Collection 2012 6/12 pokemon card,,,
631,en-2012bw-7,2012bw-7,Psy Bolt,McDonald's Collection 2012,7,12,None,Psy Bolt McDonald's Collection 2012 7/12 pokemon card,,,
632,en-2012bw-8,2012bw-8,Hone Claws,McDonald's Collection 2012,8,12,None,Hone Claws McDonald's Collection 2012 8/12 pokemon card,,,
633,en-2012bw-9,2012bw-9,Knock Off,McDonald's Collection 2012,9,12,None,Knock Off McDonald's Collection 2012 9/12 pokemon card,,,
634,en-2014xy-1,2014xy-1,Weedle,McDonald's Collection 2014,1,12,None,Weedle McDonald's Collection 2014 1/12 pokemon card,,,
635,en-2014xy-10,2014xy-10,Bunnelby,McDonald's Collection 2014,10,12,None,Bunnelby McDonald's Collection 2014 10/12 pokemon card,,,
636,en-2014xy-11,2014xy-11,Fletchling,McDonald's Collection 2014,11,12,None,Fletchling McDonald's Collection 2014 11/12 pokemon card,,,
637,en-2014xy-12,2014xy-12,Furfrou,McDonald's Collection 2014,12,12,None,Furfrou McDonald's Collection 2014 12/12 pokemon card,,,
638,en-2014xy-2,2014xy-2,Chespin,McDonald's Collection 2014,2,12,None,Chespin McDonald's Collection 2014 2/12 pokemon card,,,
639,en-2014xy-3,2014xy-3,Fennekin,McDonald's Collection 2014,3,12,None,Fennekin McDonald's Collection 2014 3/12 pokemon card,,,
640,en-2014xy-4,2014xy-4,Froakie,McDonald's Collection 2014,4,12,None,Froakie McDonald's Collection 2014 4/12 pokemon card,,,
641,en-2014xy-5,2014xy-5,Pikachu,McDonald's Collection 2014,5,12,None,Pikachu McDonald's Collection 2014 5/12 pokemon card,,,
642,en-2014xy-6,2014xy-6,Inkay,McDonald's Collection 2014,6,12,None,Inkay McDonald's Collection 2014 6/12 pokemon card,,,
643,en-2014xy-7,2014xy-7,Honedge,McDonald's Collection 2014,7,12,None,Honedge McDonald's Collection 2014 7/12 pokemon card,,,
644,en-2014xy-8,2014xy-8,Snubbull,McDonald's Collection 2014,8,12,None,Snubbull McDonald's Collection 2014 8/12 pokemon card,,,
645,en-2014xy-9,2014xy-9,Swirlix,McDonald's Collection 2014,9,12,None,Swirlix McDonald's Collection 2014 9/12 pokemon card,,,
646,en-2015xy-1,2015xy-1,Treecko,McDonald's Collection 2015,1,12,None,Treecko McDonald's Collection 2015 1/12 pokemon card,,,
647,en-2015xy-10,2015xy-10,Marill,McDonald's Collection 2015,10,12,None,Marill McDonald's Collection 2015 10/12 pokemon card,,,
648,en-2015xy-11,2015xy-11,Zigzagoon,McDonald's Collection 2015,11,12,None,Zigzagoon McDonald's Collection 2015 11/12 pokemon card,,,
649,en-2015xy-12,2015xy-12,Skitty,McDonald's Collection 2015,12,12,None,Skitty McDonald's Collection 2015 12/12 pokemon card,,,
650,en-2015xy-2,2015xy-2,Lotad,McDonald's Collection 2015,2,12,None,Lotad McDonald's Collection 2015 2/12 pokemon card,,,
651,en-2015xy-3,2015xy-3,Torchic,McDonald's Collection 2015,3,12,None,Torchic McDonald's Collection 2015 3/12 pokemon card,,,
652,en-2015xy-4,2015xy-4,Staryu,McDonald's Collection 2015,4,12,None,Staryu McDonald's Collection 2015 4/12 pokemon card,,,
653,en-2015xy-5,2015xy-5,Mudkip,McDonald's Collection 2015,5,12,None,Mudkip McDonald's Collection 2015 5/12 pokemon card,,,
654,en-2015xy-6,2015xy-6,Pikachu,McDonald's Collection 2015,6,12,None,Pikachu McDonald's Collection 2015 6/12 pokemon card,,,
655,en-2015xy-7,2015xy-7,Electrike,McDonald's Collection 2015,7,12,None,Electrike McDonald's Collection 2015 7/12 pokemon card,,,
656,en-2015xy-8,2015xy-8,Rhyhorn,McDonald's Collection 2015,8,12,None,Rhyhorn McDonald's Collection 2015 8/12 pokemon card,,,
657,en-2015xy-9,2015xy-9,Meditite,McDonald's Collection 2015,9,12,None,Meditite McDonald's Collection 2015 9/12 pokemon card,,,
658,en-2016xy-1,2016xy-1,Roar,McDonald's Collection 2016,1,12,None,Roar McDonald's Collection 2016 1/12 pokemon card,,,
659,en-2016xy-10,2016xy-10,Nuzzle,McDonald's Collection 2016,10,12,None,Nuzzle McDonald's Collection 2016 10/12 pokemon card,,,
660,en-2016xy-11,2016xy-11,Act Tough,McDonald's Collection 2016,11,12,None,Act Tough McDonald's Collection 2016 11/12 pokemon card,,,
661,en-2016xy-12,2016xy-12,Tackle,McDonald's Collection 2016,12,12,None,Tackle McDonald's Collection 2016 12/12 pokemon card,,,
662,en-2016xy-2,2016xy-2,Ember,McDonald's Collection 2016,2,12,None,Ember McDonald's Collection 2016 2/12 pokemon card,,,
663,en-2016xy-3,2016xy-3,Will-O-Wisp,McDonald's Collection 2016,3,12,None,Will-O-Wisp McDonald's Collection 2016 3/12 pokemon card,,,
664,en-2016xy-4,2016xy-4,Epic Splash,McDonald's Collection 2016,4,12,None,Epic Splash McDonald's Collection 2016 4/12 pokemon card,,,
665,en-2016xy-5,2016xy-5,Fury Strikes,McDonald's Collection 2016,5,12,None,Fury Strikes McDonald's Collection 2016 5/12 pokemon card,,,
666,en-2016xy-6,2016xy-6,Tail Whip,McDonald's Collection 2016,6,12,None,Tail Whip McDonald's Collection 2016 6/12 pokemon card,,,
667,en-2016xy-7,2016xy-7,Corkscrew Punch,McDonald's Collection 2016,7,12,None,Corkscrew Punch McDonald's Collection 2016 7/12 pokemon card,,,
668,en-2016xy-8,2016xy-8,Rollout,McDonald's Collection 2016,8,12,None,Rollout McDonald's Collection 2016 8/12 pokemon card,,,
669,en-2016xy-9,2016xy-9,Sweet Kiss,McDonald's Collection 2016,9,12,None,Sweet Kiss McDonald's Collection 2016 9/12 pokemon card,,,
670,en-2017sm-1,2017sm-1,Rowlet,McDonald's Collection 2017,1,12,None,Rowlet McDonald's Collection 2017 1/12 pokemon card,,,
671,en-2017sm-10,2017sm-10,Cutiefly,McDonald's Collection 2017,10,12,None,Cutiefly McDonald's Collection 2017 10/12 pokemon card,,,
672,en-2017sm-11,2017sm-11,Pikipek,McDonald's Collection 2017,11,12,None,Pikipek McDonald's Collection 2017 11/12 pokemon card,,,
673,en-2017sm-12,2017sm-12,Yungoos,McDonald's Collection 2017,12,12,None,Yungoos McDonald's Collection 2017 12/12 pokemon card,,,
674,en-2017sm-2,2017sm-2,Grubbin,McDonald's Collection 2017,2,12,None,Grubbin McDonald's Collection 2017 2/12 pokemon card,,,
675,en-2017sm-3,2017sm-3,Litten,McDonald's Collection 2017,3,12,None,Litten McDonald's Collection 2017 3/12 pokemon card,,,
676,en-2017sm-4,2017sm-4,Popplio,McDonald's Collection 2017,4,12,None,Popplio McDonald's Collection 2017 4/12 pokemon card,,,
677,en-2017sm-5,2017sm-5,Pikachu,McDonald's Collection 2017,5,12,None,Pikachu McDonald's Collection 2017 5/12 pokemon card,,,
678,en-2017sm-6,2017sm-6,Cosmog,McDonald's Collection 2017,6,12,None,Cosmog McDonald's Collection 2017 6/12 pokemon card,,,
679,en-2017sm-7,2017sm-7,Crabrawler,McDonald's Collection 2017,7,12,None,Crabrawler McDonald's Collection 2017 7/12 pokemon card,,,
680,en-2017sm-8,2017sm-8,Alolan Meowth,McDonald's Collection 2017,8,12,None,Alolan Meowth McDonald's Collection 2017 8/12 pokemon card,,,
681,en-2017sm-9,2017sm-9,Alolan Diglett,McDonald's Collection 2017,9,12,None,Alolan Diglett McDonald's Collection 2017 9/12 pokemon card,,,
682,en-2018sm-1,2018sm-1,Growlithe,McDonald's Collection 2018,1,12,None,Growlithe McDonald's Collection 2018 1/12 pokemon card,,,
683,en-2018sm-10,2018sm-10,Chansey,McDonald's Collection 2018,10,12,None,Chansey McDonald's Collection 2018 10/12 pokemon card,,,
684,en-2018sm-11,2018sm-11,Eevee,McDonald's Collection 2018,11,12,None,Eevee McDonald's Collection 2018 11/12 pokemon card,,,
685,en-2018sm-12,2018sm-12,Porygon,McDonald's Collection 2018,12,12,None,Porygon McDonald's Collection 2018 12/12 pokemon card,,,
686,en-2018sm-2,2018sm-2,Psyduck,McDonald's Collection 2018,2,12,None,Psyduck McDonald's Collection 2018 2/12 pokemon card,,,
687,en-2018sm-3,2018sm-3,Horsea,McDonald's Collection 2018,3,12,None,Horsea McDonald's Collection 2018 3/12 pokemon card,,,
688,en-2018sm-4,2018sm-4,Pikachu,McDonald's Collection 2018,4,12,None,Pikachu McDonald's Collection 2018 4/12 pokemon card,,,
689,en-2018sm-5,2018sm-5,Slowpoke,McDonald's Collection 2018,5,12,None,Slowpoke McDonald's Collection 2018 5/12 pokemon card,,,
690,en-2018sm-6,2018sm-6,Machop,McDonald's Collection 2018,6,12,None,Machop McDonald's Collection 2018 6/12 pokemon card,,,
691,en-2018sm-7,2018sm-7,Cubone,McDonald's Collection 2018,7,12,None,Cubone McDonald's Collection 2018 7/12 pokemon card,,,
692,en-2018sm-8,2018sm-8,Magnemite,McDonald's Collection 2018,8,12,None,Magnemite McDonald's Collection 2018 8/12 pokemon card,,,
693,en-2018sm-9,2018sm-9,Dratini,McDonald's Collection 2018,9,12,None,Dratini McDonald's Collection 2018 9/12 pokemon card,,,
694,en-2019sm-1,2019sm-1,Surprise Attack,McDonald's Collection 2019,1,12,None,Surprise Attack McDonald's Collection 2019 1/12 pokemon card,,,
695,en-2019sm-10,2019sm-10,Spoil the Fun,McDonald's Collection 2019,10,12,None,Spoil the Fun McDonald's Collection 2019 10/12 pokemon card,,,
696,en-2019sm-11,2019sm-11,Gold Rush,McDonald's Collection 2019,11,12,None,Gold Rush McDonald's Collection 2019 11/12 pokemon card,,,
697,en-2019sm-12,2019sm-12,Gnaw,McDonald's Collection 2019,12,12,None,Gnaw McDonald's Collection 2019 12/12 pokemon card,,,
698,en-2019sm-2,2019sm-2,Tropical Shake,McDonald's Collection 2019,2,12,None,Tropical Shake McDonald's Collection 2019 2/12 pokemon card,,,
699,en-2019sm-3,2019sm-3,Controlled Burn,McDonald's Collection 2019,3,12,None,Controlled Burn McDonald's Collection 2019 3/12 pokemon card,,,
700,en-2019sm-4,2019sm-4,Fury Swipes,McDonald's Collection 2019,4,12,None,Fury Swipes McDonald's Collection 2019 4/12 pokemon card,,,
701,en-2019sm-5,2019sm-5,Aqua Bullet,McDonald's Collection 2019,5,12,None,Aqua Bullet McDonald's Collection 2019 5/12 pokemon card,,,
702,en-2019sm-6,2019sm-6,Iron Tail,McDonald's Collection 2019,6,12,None,Iron Tail McDonald's Collection 2019 6/12 pokemon card,,,
703,en-2019sm-7,2019sm-7,Ominous Eyes,McDonald's Collection 2019,7,12,None,Ominous Eyes McDonald's Collection 2019 7/12 pokemon card,,,
704,en-2019sm-8,2019sm-8,Three-Step Strike,McDonald's Collection 2019,8,12,None,Three-Step Strike McDonald's Collection 2019 8/12 pokemon card,,,
705,en-2019sm-9,2019sm-9,Screech,McDonald's Collection 2019,9,12,None,Screech McDonald's Collection 2019 9/12 pokemon card,,,
706,en-2021swsh-1,2021swsh-1,Bulbasaur,McDonald's Collection 2021,1,25,None,Bulbasaur McDonald's Collection 2021 1/25 pokemon card,,,
707,en-2021swsh-10,2021swsh-10,Cyndaquil,McDonald's Collection 2021,10,25,None,Cyndaquil McDonald's Collection 2021 10/25 pokemon card,,,
708,en-2021swsh-11,2021swsh-11,Torchic,McDonald's Collection 2021,11,25,None,Torchic McDonald's Collection 2021 11/25 pokemon card,,,
709,en-2021swsh-12,2021swsh-12,Chimchar,McDonald's Collection 2021,12,25,None,Chimchar McDonald's Collection 2021 12/25 pokemon card,,,
710,en-2021swsh-13,2021swsh-13,Tepig,McDonald's Collection 2021,13,25,None,Tepig McDonald's Collection 2021 13/25 pokemon card,,,
711,en-2021swsh-14,2021swsh-14,Fennekin,McDonald's Collection 2021,14,25,None,Fennekin McDonald's Collection 2021 14/25 pokemon card,,,
712,en-2021swsh-15,2021swsh-15,Litten,McDonald's Collection 2021,15,25,None,Litten McDonald's Collection 2021 15/25 pokemon card,,,
713,en-2021swsh-16,2021swsh-16,Scorbunny,McDonald's Collection 2021,16,25,None,Scorbunny McDonald's Collection 2021 16/25 pokemon card,,,
714,en-2021swsh-17,2021swsh-17,Squirtle,McDonald's Collection 2021,17,25,None,Squirtle McDonald's Collection 2021 17/25 pokemon card,,,
715,en-2021swsh-18,2021swsh-18,Totodile,McDonald's Collection 2021,18,25,None,Totodile McDonald's Collection 2021 18/25 pokemon card,,,
716,en-2021swsh-19,2021swsh-19,Mudkip,McDonald's Collection 2021,19,25,None,Mudkip McDonald's Collection 2021 19/25 pokemon card,,,
717,en-2021swsh-2,2021swsh-2,Chikorita,McDonald's Collection 2021,2,25,None,Chikorita McDonald's Collection 2021 2/25 pokemon card,,,
718,en-2021swsh-20,2021swsh-20,Piplup,McDonald's Collection 2021,20,25,None,Piplup McDonald's Collection 2021 20/25 pokemon card,,,
719,en-2021swsh-21,2021swsh-21,Oshawott,McDonald's Collection 2021,21,25,None,Oshawott McDonald's Collection 2021 21/25 pokemon card,,,
720,en-2021swsh-22,2021swsh-22,Froakie,McDonald's Collection 2021,22,25,None,Froakie McDonald's Collection 2021 22/25 pokemon card,,,
721,en-2021swsh-23,2021swsh-23,Popplio,McDonald's Collection 2021,23,25,None,Popplio McDonald's Collection 2021 23/25 pokemon card,,,
722,en-2021swsh-24,2021swsh-24,Sobble,McDonald's Collection 2021,24,25,None,Sobble McDonald's Collection 2021 24/25 pokemon card,,,
723,en-2021swsh-25,2021swsh-25,Pikachu,McDonald's Collection 2021,25,25,None,Pikachu McDonald's Collection 2021 25/25 pokemon card,,,
724,en-2021swsh-3,2021swsh-3,Treecko,McDonald's Collection 2021,3,25,None,Treecko McDonald's Collection 2021 3/25 pokemon card,,,
725,en-2021swsh-4,2021swsh-4,Turtwig,McDonald's Collection 2021,4,25,None,Turtwig McDonald's Collection 2021 4/25 pokemon card,,,
726,en-2021swsh-5,2021swsh-5,Snivy,McDonald's Collection 2021,5,25,None,Snivy McDonald's Collection 2021 5/25 pokemon card,,,
727,en-2021swsh-6,2021swsh-6,Chespin,McDonald's Collection 2021,6,25,None,Chespin McDonald's Collection 2021 6/25 pokemon card,,,
728,en-2021swsh-7,2021swsh-7,Rowlet,McDonald's Collection 2021,7,25,None,Rowlet McDonald's Collection 2021 7/25 pokemon card,,,
729,en-2021swsh-8,2021swsh-8,Grookey,McDonald's Collection 2021,8,25,None,Grookey McDonald's Collection 2021 8/25 pokemon card,,,
730,en-2021swsh-9,2021swsh-9,Charmander,McDonald's Collection 2021,9,25,None,Charmander McDonald's Collection 2021 9/25 pokemon card,,,
731,en-2022swsh-1,2022swsh-1,Ledyba,McDonald's Collection 2022,1,15,None,Ledyba McDonald's Collection 2022 1/15 pokemon card,,,
732,en-2022swsh-10,2022swsh-10,Tynamo,McDonald's Collection 2022,10,15,None,Tynamo McDonald's Collection 2022 10/15 pokemon card,,,
733,en-2022swsh-11,2022swsh-11,Cutiefly,McDonald's Collection 2022,11,15,None,Cutiefly McDonald's Collection 2022 11/15 pokemon card,,,
734,en-2022swsh-12,2022swsh-12,Bewear,McDonald's Collection 2022,12,15,None,Bewear McDonald's Collection 2022 12/15 pokemon card,,,
735,en-2022swsh-13,2022swsh-13,Pangoro,McDonald's Collection 2022,13,15,None,Pangoro McDonald's Collection 2022 13/15 pokemon card,,,
736,en-2022swsh-14,2022swsh-14,Drampa,McDonald's Collection 2022,14,15,None,Drampa McDonald's Collection 2022 14/15 pokemon card,,,
737,en-2022swsh-15,2022swsh-15,Smeargle,McDonald's Collection 2022,15,15,None,Smeargle McDonald's Collection 2022 15/15 pokemon card,,,
738,en-2022swsh-2,2022swsh-2,Rowlet,McDonald's Collection 2022,2,15,None,Rowlet McDonald's Collection 2022 2/15 pokemon card,,,
739,en-2022swsh-3,2022swsh-3,Gossifleur,McDonald's Collection 2022,3,15,None,Gossifleur McDonald's Collection 2022 3/15 pokemon card,,,
740,en-2022swsh-4,2022swsh-4,Growlithe,McDonald's Collection 2022,4,15,None,Growlithe McDonald's Collection 2022 4/15 pokemon card,,,
741,en-2022swsh-5,2022swsh-5,Victini,McDonald's Collection 2022,5,15,None,Victini McDonald's Collection 2022 5/15 pokemon card,,,
742,en-2022swsh-6,2022swsh-6,Lapras,McDonald's Collection 2022,6,15,None,Lapras McDonald's Collection 2022 6/15 pokemon card,,,
743,en-2022swsh-7,2022swsh-7,Pikachu,McDonald's Collection 2022,7,15,None,Pikachu McDonald's Collection 2022 7/15 pokemon card,,,
744,en-2022swsh-8,2022swsh-8,Chinchou,McDonald's Collection 2022,8,15,None,Chinchou McDonald's Collection 2022 8/15 pokemon card,,,
745,en-2022swsh-9,2022swsh-9,Flaaffy,McDonald's Collection 2022,9,15,None,Flaaffy McDonald's Collection 2022 9/15 pokemon card,,,
746,en-2023sv-1,2023sv-1,Sprigatito,McDonald's Collection 2023,1,15,None,Sprigatito McDonald's Collection 2023 1/15 pokemon card,,,
747,en-2023sv-10,2023sv-10,Sandaconda,McDonald's Collection 2023,10,15,None,Sandaconda McDonald's Collection 2023 10/15 pokemon card,,,
748,en-2023sv-11,2023sv-11,Klawf,McDonald's Collection 2023,11,15,None,Klawf McDonald's Collection 2023 11/15 pokemon card,,,
749,en-2023sv-12,2023sv-12,Blissey,McDonald's Collection 2023,12,15,None,Blissey McDonald's Collection 2023 12/15 pokemon card,,,
750,en-2023sv-13,2023sv-13,Tandemaus,McDonald's Collection 2023,13,15,None,Tandemaus McDonald's Collection 2023 13/15 pokemon card,,,
751,en-2023sv-14,2023sv-14,Cyclizar,McDonald's Collection 2023,14,15,None,Cyclizar McDonald's Collection 2023 14/15 pokemon card,,,
752,en-2023sv-15,2023sv-15,Kirlia,McDonald's Collection 2023,15,15,None,Kirlia McDonald's Collection 2023 15/15 pokemon card,,,
753,en-2023sv-2,2023sv-2,Fuecoco,McDonald's Collection 2023,2,15,None,Fuecoco McDonald's Collection 2023 2/15 pokemon card,,,
754,en-2023sv-3,2023sv-3,Quaxly,McDonald's Collection 2023,3,15,None,Quaxly McDonald's Collection 2023 3/15 pokemon card,,,
755,en-2023sv-4,2023sv-4,Cetoddle,McDonald's Collection 2023,4,15,None,Cetoddle McDonald's Collection 2023 4/15 pokemon card,,,
756,en-2023sv-5,2023sv-5,Cetitan,McDonald's Collection 2023,5,15,None,Cetitan McDonald's Collection 2023 5/15 pokemon card,,,
757,en-2023sv-6,2023sv-6,Pikachu,McDonald's Collection 2023,6,15,None,Pikachu McDonald's Collection 2023 6/15 pokemon card,,,
758,en-2023sv-7,2023sv-7,Pawmi,McDonald's Collection 2023,7,15,None,Pawmi McDonald's Collection 2023 7/15 pokemon card,,,
759,en-2023sv-8,2023sv-8,Kilowattrel,McDonald's Collection 2023,8,15,None,Kilowattrel McDonald's Collection 2023 8/15 pokemon card,,,
760,en-2023sv-9,2023sv-9,Flittle,McDonald's Collection 2023,9,15,None,Flittle McDonald's Collection 2023 9/15 pokemon card,,,
761,en-2024sv-1,2024sv-1,Charizard,McDonald's Collection 2024,1,15,None,Charizard McDonald's Collection 2024 1/15 pokemon card,,,
762,en-2024sv-10,2024sv-10,Hydreigon,McDonald's Collection 2024,10,15,None,Hydreigon McDonald's Collection 2024 10/15 pokemon card,,,
763,en-2024sv-11,2024sv-11,Roaring Moon,McDonald's Collection 2024,11,15,None,Roaring Moon McDonald's Collection 2024 11/15 pokemon card,,,
764,en-2024sv-12,2024sv-12,Dragonite,McDonald's Collection 2024,12,15,None,Dragonite McDonald's Collection 2024 12/15 pokemon card,,,
765,en-2024sv-13,2024sv-13,Eevee,McDonald's Collection 2024,13,15,None,Eevee McDonald's Collection 2024 13/15 pokemon card,,,
766,en-2024sv-14,2024sv-14,Rayquaza,McDonald's Collection 2024,14,15,None,Rayquaza McDonald's Collection 2024 14/15 pokemon card,,,
767,en-2024sv-15,2024sv-15,Drampa,McDonald's Collection 2024,15,15,None,Drampa McDonald's Collection 2024 15/15 pokemon card,,,
768,en-2024sv-2,2024sv-2,Pikachu,McDonald's Collection 2024,2,15,None,Pikachu McDonald's Collection 2024 2/15 pokemon card,,,
769,en-2024sv-3,2024sv-3,Miraidon,McDonald's Collection 2024,3,15,None,Miraidon McDonald's Collection 2024 3/15 pokemon card,,,
770,en-2024sv-4,2024sv-4,Jigglypuff,McDonald's Collection 2024,4,15,None,Jigglypuff McDonald's Collection 2024 4/15 pokemon card,,,
771,en-2024sv-5,2024sv-5,Hatenna,McDonald's Collection 2024,5,15,None,Hatenna McDonald's Collection 2024 5/15 pokemon card,,,
772,en-2024sv-6,2024sv-6,Dragapult,McDonald's Collection 2024,6,15,None,Dragapult McDonald's Collection 2024 6/15 pokemon card,,,
773,en-2024sv-7,2024sv-7,Quagsire,McDonald's Collection 2024,7,15,None,Quagsire McDonald's Collection 2024 7/15 pokemon card,,,
774,en-2024sv-8,2024sv-8,Koraidon,McDonald's Collection 2024,8,15,None,Koraidon McDonald's Collection 2024 8/15 pokemon card,,,
775,en-2024sv-9,2024sv-9,Umbreon,McDonald's Collection 2024,9,15,None,Umbreon McDonald's Collection 2024 9/15 pokemon card,,,
776,en-mee-001,mee-001,Grass Energy,Mega Evolution Energy,001,8,Common,Grass Energy Mega Evolution Energy 001/8 pokemon card,,,
777,en-mee-002,mee-002,Fire Energy,Mega Evolution Energy,002,8,Common,Fire Energy Mega Evolution Energy 002/8 pokemon card,,,
778,en-mee-003,mee-003,Water Energy,Mega Evolution Energy,003,8,Common,Water Energy Mega Evolution Energy 003/8 pokemon card,,,
779,en-mee-004,mee-004,Lightning Energy,Mega Evolution Energy,004,8,Common,Lightning Energy Mega Evolution Energy 004/8 pokemon card,,,
780,en-mee-005,mee-005,Psychic Energy,Mega Evolution Energy,005,8,Common,Psychic Energy Mega Evolution Energy 005/8 pokemon card,,,
781,en-mee-006,mee-006,Fighting Energy,Mega Evolution Energy,006,8,Common,Fighting Energy Mega Evolution Energy 006/8 pokemon card,,,
782,en-mee-007,mee-007,Darkness Energy,Mega Evolution Energy,007,8,Common,Darkness Energy Mega Evolution Energy 007/8 pokemon card,,,
783,en-mee-008,mee-008,Metal Energy,Mega Evolution Energy,008,8,Common,Metal Energy Mega Evolution Energy 008/8 pokemon card,,,
784,en-miscp-001,miscp-001,Ancient Mew,Miscellaneous Promos,001,1,Promo,Ancient Mew Miscellaneous Promos 001/1 pokemon card,,,
785,en-mfb-1,mfb-1,Bulbasaur,My First Battle,1,48,None,Bulbasaur My First Battle 1/48 pokemon card,,,
786,en-mfb-10,mfb-10,Charmeleon,My First Battle,10,48,None,Charmeleon My First Battle 10/48 pokemon card,,,
787,en-mfb-11,mfb-11,Vulpix,My First Battle,11,48,None,Vulpix My First Battle 11/48 pokemon card,,,
788,en-mfb-12,mfb-12,Ninetales,My First Battle,12,48,None,Ninetales My First Battle 12/48 pokemon card,,,
789,en-mfb-13,mfb-13,Growlithe,My First Battle,13,48,None,Growlithe My First Battle 13/48 pokemon card,,,
790,en-mfb-14,mfb-14,Arcanine,My First Battle,14,48,None,Arcanine My First Battle 14/48 pokemon card,,,
791,en-mfb-15,mfb-15,Magmar,My First Battle,15,48,None,Magmar My First Battle 15/48 pokemon card,,,
792,en-mfb-16,mfb-16,Fire Energy,My First Battle,16,48,None,Fire Energy My First Battle 16/48 pokemon card,,,
793,en-mfb-17,mfb-17,Pikachu,My First Battle,17,48,None,Pikachu My First Battle 17/48 pokemon card,,,
794,en-mfb-18,mfb-18,Raichu,My First Battle,18,48,None,Raichu My First Battle 18/48 pokemon card,,,
795,en-mfb-19,mfb-19,Magnemite,My First Battle,19,48,None,Magnemite My First Battle 19/48 pokemon card,,,
796,en-mfb-2,mfb-2,Ivysaur,My First Battle,2,48,None,Ivysaur My First Battle 2/48 pokemon card,,,
797,en-mfb-20,mfb-20,Magneton,My First Battle,20,48,None,Magneton My First Battle 20/48 pokemon card,,,
798,en-mfb-21,mfb-21,Voltorb,My First Battle,21,48,None,Voltorb My First Battle 21/48 pokemon card,,,
799,en-mfb-22,mfb-22,Electrode,My First Battle,22,48,None,Electrode My First Battle 22/48 pokemon card,,,
800,en-mfb-23,mfb-23,Electabuzz,My First Battle,23,48,None,Electabuzz My First Battle 23/48 pokemon card,,,
801,en-mfb-24,mfb-24,Lightning Energy,My First Battle,24,48,None,Lightning Energy My First Battle 24/48 pokemon card,,,
802,en-mfb-25,mfb-25,Squirtle,My First Battle,25,48,None,Squirtle My First Battle 25/48 pokemon card,,,
803,en-mfb-26,mfb-26,Wartortle,My First Battle,26,48,None,Wartortle My First Battle 26/48 pokemon card,,,
804,en-mfb-27,mfb-27,Poliwag,My First Battle,27,48,None,Poliwag My First Battle 27/48 pokemon card,,,
805,en-mfb-28,mfb-28,Poliwhirl,My First Battle,28,48,None,Poliwhirl My First Battle 28/48 pokemon card,,,
806,en-mfb-29,mfb-29,Magikarp,My First Battle,29,48,None,Magikarp My First Battle 29/48 pokemon card,,,
807,en-mfb-3,mfb-3,Oddish,My First Battle,3,48,None,Oddish My First Battle 3/48 pokemon card,,,
808,en-mfb-30,mfb-30,Gyarados,My First Battle,30,48,None,Gyarados My First Battle 30/48 pokemon card,,,
809,en-mfb-31,mfb-31,Lapras,My First Battle,31,48,None,Lapras My First Battle 31/48 pokemon card,,,
810,en-mfb-32,mfb-32,Water Energy,My First Battle,32,48,None,Water Energy My First Battle 32/48 pokemon card,,,
811,en-mfb-33,mfb-33,Potion,My First Battle,33,48,None,Potion My First Battle 33/48 pokemon card,,,
812,en-mfb-34,mfb-34,Switch,My First Battle,34,48,None,Switch My First Battle 34/48 pokemon card,,,
813,en-mfb-4,mfb-4,Gloom,My First Battle,4,48,None,Gloom My First Battle 4/48 pokemon card,,,
814,en-mfb-5,mfb-5,Exeggcute,My First Battle,5,48,None,Exeggcute My First Battle 5/48 pokemon card,,,
815,en-mfb-6,mfb-6,Exeggutor,My First Battle,6,48,None,Exeggutor My First Battle 6/48 pokemon card,,,
816,en-mfb-7,mfb-7,Scyther,My First Battle,7,48,None,Scyther My First Battle 7/48 pokemon card,,,
817,en-mfb-8,mfb-8,Grass Energy,My First Battle,8,48,None,Grass Energy My First Battle 8/48 pokemon card,,,
818,en-mfb-9,mfb-9,Charmander,My First Battle,9,48,None,Charmander My First Battle 9/48 pokemon card,,,
819,en-pop6-13,pop6-13,Cherubi,POP Series 6,13,17,Common,Cherubi POP Series 6 13/17 pokemon card,,,
820,en-pop6-17,pop6-17,Turtwig,POP Series 6,17,17,Common,Turtwig POP Series 6 17/17 pokemon card,,,
821,en-ex5.5-1,ex5.5-1,Treecko,Poké Card Creator Pack,1,5,None,Treecko Poké Card Creator Pack 1/5 pokemon card,,,
822,en-ex5.5-2,ex5.5-2,Wurmple,Poké Card Creator Pack,2,5,None,Wurmple Poké Card Creator Pack 2/5 pokemon card,,,
823,en-ex5.5-3,ex5.5-3,Torchic,Poké Card Creator Pack,3,5,None,Torchic Poké Card Creator Pack 3/5 pokemon card,,,
824,en-ex5.5-4,ex5.5-4,Mudkip,Poké Card Creator Pack,4,5,None,Mudkip Poké Card Creator Pack 4/5 pokemon card,,,
825,en-ex5.5-5,ex5.5-5,Pikachu,Poké Card Creator Pack,5,5,None,Pikachu Poké Card Creator Pack 5/5 pokemon card,,,
826,en-pl2-84,pl2-84,Trapinch,Rising Rivals,84,111,Common,Trapinch Rising Rivals 84/111 pokemon card,,,
827,en-smp-SM125,smp-SM125,Naganadel GX,SM Black Star Promos,SM125,248,Promo,Naganadel GX SM Black Star Promos SM125/248 pokemon card,,,
828,en-smp-SM135,smp-SM135,Latias,SM Black Star Promos,SM135,248,Promo,Latias SM Black Star Promos SM135/248 pokemon card,,,
829,en-smp-SM136,smp-SM136,Latios,SM Black Star Promos,SM136,248,Promo,Latios SM Black Star Promos SM136/248 pokemon card,,,
830,en-smp-SM144,smp-SM144,Articuno,SM Black Star Promos,SM144,248,Promo,Articuno SM Black Star Promos SM144/248 pokemon card,,,
831,en-smp-SM146,smp-SM146,Leafeon GX,SM Black Star Promos,SM146,248,Promo,Leafeon GX SM Black Star Promos SM146/248 pokemon card,,,
832,en-smp-SM147,smp-SM147,Glaceon GX,SM Black Star Promos,SM147,248,Promo,Glaceon GX SM Black Star Promos SM147/248 pokemon card,,,
833,en-smp-SM155,smp-SM155,Kingdra GX,SM Black Star Promos,SM155,248,Promo,Kingdra GX SM Black Star Promos SM155/248 pokemon card,,,
834,en-smp-SM156,smp-SM156,Dragonite GX,SM Black Star Promos,SM156,248,Promo,Dragonite GX SM Black Star Promos SM156/248 pokemon card,,,
835,en-smp-SM167,smp-SM167,Celebi & Venusaur GX,SM Black Star Promos,SM167,248,Promo,Celebi & Venusaur GX SM Black Star Promos SM167/248 pokemon card,,,
836,en-smp-SM168,smp-SM168,Pikachu & Zekrom GX,SM Black Star Promos,SM168,248,Promo,Pikachu & Zekrom GX SM Black Star Promos SM168/248 pokemon card,,,
837,en-smp-SM169,smp-SM169,Eevee & Snorlax GX,SM Black Star Promos,SM169,248,Promo,Eevee & Snorlax GX SM Black Star Promos SM169/248 pokemon card,,,
838,en-smp-SM170,smp-SM170,Detective Pikachu,SM Black Star Promos,SM170,248,Promo,Detective Pikachu SM Black Star Promos SM170/248 pokemon card,,,
839,en-smp-SM179,smp-SM179,Volcanion,SM Black Star Promos,SM179,248,Promo,Volcanion SM Black Star Promos SM179/248 pokemon card,,,
840,en-smp-SM180,smp-SM180,Stakataka,SM Black Star Promos,SM180,248,Promo,Stakataka SM Black Star Promos SM180/248 pokemon card,,,
841,en-smp-SM181,smp-SM181,Melmetal,SM Black Star Promos,SM181,248,Promo,Melmetal SM Black Star Promos SM181/248 pokemon card,,,
842,en-smp-SM182,smp-SM182,Persian,SM Black Star Promos,SM182,248,Promo,Persian SM Black Star Promos SM182/248 pokemon card,,,
843,en-smp-SM183,smp-SM183,Pikachu,SM Black Star Promos,SM183,248,Promo,Pikachu SM Black Star Promos SM183/248 pokemon card,,,
844,en-smp-SM184,smp-SM184,Eevee,SM Black Star Promos,SM184,248,Promo,Eevee SM Black Star Promos SM184/248 pokemon card,,,
845,en-smp-SM185,smp-SM185,Typhlosion,SM Black Star Promos,SM185,248,Promo,Typhlosion SM Black Star Promos SM185/248 pokemon card,,,
846,en-smp-SM186,smp-SM186,Flareon,SM Black Star Promos,SM186,248,Promo,Flareon SM Black Star Promos SM186/248 pokemon card,,,
847,en-smp-SM188,smp-SM188,Kangaskhan GX,SM Black Star Promos,SM188,248,Promo,Kangaskhan GX SM Black Star Promos SM188/248 pokemon card,,,
848,en-smp-SM189,smp-SM189,Blastoise GX,SM Black Star Promos,SM189,248,Promo,Blastoise GX SM Black Star Promos SM189/248 pokemon card,,,
849,en-smp-SM190,smp-SM190,Detective Pikachu,SM Black Star Promos,SM190,248,Promo,Detective Pikachu SM Black Star Promos SM190/248 pokemon card,,,
850,en-smp-SM191,smp-SM191,Mewtwo & Mew GX,SM Black Star Promos,SM191,248,Promo,Mewtwo & Mew GX SM Black Star Promos SM191/248 pokemon card,,,
851,en-smp-SM192,smp-SM192,Lucario & Melmetal GX,SM Black Star Promos,SM192,248,Promo,Lucario & Melmetal GX SM Black Star Promos SM192/248 pokemon card,,,
852,en-smp-SM193,smp-SM193,Garchomp & Giratina GX,SM Black Star Promos,SM193,248,Promo,Garchomp & Giratina GX SM Black Star Promos SM193/248 pokemon card,,,
853,en-smp-SM194,smp-SM194,Detective Pikachu,SM Black Star Promos,SM194,248,Promo,Detective Pikachu SM Black Star Promos SM194/248 pokemon card,,,
854,en-smp-SM195,smp-SM195,Charizard GX,SM Black Star Promos,SM195,248,Promo,Charizard GX SM Black Star Promos SM195/248 pokemon card,,,
855,en-smp-SM196,smp-SM196,Mewtwo GX,SM Black Star Promos,SM196,248,Promo,Mewtwo GX SM Black Star Promos SM196/248 pokemon card,,,
856,en-smp-SM197,smp-SM197,Greninja GX,SM Black Star Promos,SM197,248,Promo,Greninja GX SM Black Star Promos SM197/248 pokemon card,,,
857,en-smp-SM198,smp-SM198,Bulbasaur,SM Black Star Promos,SM198,248,Promo,Bulbasaur SM Black Star Promos SM198/248 pokemon card,,,
858,en-smp-SM199,smp-SM199,Psyduck,SM Black Star Promos,SM199,248,Promo,Psyduck SM Black Star Promos SM199/248 pokemon card,,,
859,en-smp-SM200,smp-SM200,Snubbull,SM Black Star Promos,SM200,248,Promo,Snubbull SM Black Star Promos SM200/248 pokemon card,,,
860,en-smp-SM218,smp-SM218,Buzzwole,SM Black Star Promos,SM218,248,Promo,Buzzwole SM Black Star Promos SM218/248 pokemon card,,,
861,en-smp-SM219,smp-SM219,Entei,SM Black Star Promos,SM219,248,Promo,Entei SM Black Star Promos SM219/248 pokemon card,,,
862,en-smp-SM220,smp-SM220,Phione,SM Black Star Promos,SM220,248,Promo,Phione SM Black Star Promos SM220/248 pokemon card,,,
863,en-smp-SM221,smp-SM221,Blacephalon,SM Black Star Promos,SM221,248,Promo,Blacephalon SM Black Star Promos SM221/248 pokemon card,,,
864,en-smp-SM222,smp-SM222,Mismagius,SM Black Star Promos,SM222,248,Promo,Mismagius SM Black Star Promos SM222/248 pokemon card,,,
865,en-smp-SM223,smp-SM223,Terrakion,SM Black Star Promos,SM223,248,Promo,Terrakion SM Black Star Promos SM223/248 pokemon card,,,
866,en-smp-SM224,smp-SM224,Celebi,SM Black Star Promos,SM224,248,Promo,Celebi SM Black Star Promos SM224/248 pokemon card,,,
867,en-smp-SM225,smp-SM225,Victini,SM Black Star Promos,SM225,248,Promo,Victini SM Black Star Promos SM225/248 pokemon card,,,
868,en-smp-SM226,smp-SM226,Charizard,SM Black Star Promos,SM226,248,Promo,Charizard SM Black Star Promos SM226/248 pokemon card,,,
869,en-smp-SM227,smp-SM227,Pikachu,SM Black Star Promos,SM227,248,Promo,Pikachu SM Black Star Promos SM227/248 pokemon card,,,
870,en-smp-SM228,smp-SM228,Armored Mewtwo,SM Black Star Promos,SM228,248,Promo,Armored Mewtwo SM Black Star Promos SM228/248 pokemon card,,,
871,en-smp-SM229,smp-SM229,Venusaur & Snivy GX,SM Black Star Promos,SM229,248,Promo,Venusaur & Snivy GX SM Black Star Promos SM229/248 pokemon card,,,
872,en-smp-SM230,smp-SM230,Charizard & Braixen GX,SM Black Star Promos,SM230,248,Promo,Charizard & Braixen GX SM Black Star Promos SM230/248 pokemon card,,,
873,en-smp-SM231,smp-SM231,Champions Festival,SM Black Star Promos,SM231,248,Promo,Champions Festival SM Black Star Promos SM231/248 pokemon card,,,
874,en-smp-SM232,smp-SM232,Pikachu GX,SM Black Star Promos,SM232,248,Promo,Pikachu GX SM Black Star Promos SM232/248 pokemon card,,,
875,en-smp-SM233,smp-SM233,Eevee GX,SM Black Star Promos,SM233,248,Promo,Eevee GX SM Black Star Promos SM233/248 pokemon card,,,
876,en-smp-SM234,smp-SM234,Pikachu,SM Black Star Promos,SM234,248,Promo,Pikachu SM Black Star Promos SM234/248 pokemon card,,,
877,en-smp-SM235,smp-SM235,Eevee,SM Black Star Promos,SM235,248,Promo,Eevee SM Black Star Promos SM235/248 pokemon card,,,
878,en-smp-SM236,smp-SM236,Alolan Sandslash GX,SM Black Star Promos,SM236,248,Promo,Alolan Sandslash GX SM Black Star Promos SM236/248 pokemon card,,,
879,en-smp-SM237,smp-SM237,Leafeon,SM Black Star Promos,SM237,248,Promo,Leafeon SM Black Star Promos SM237/248 pokemon card,,,
880,en-smp-SM238,smp-SM238,Glaceon,SM Black Star Promos,SM238,248,Promo,Glaceon SM Black Star Promos SM238/248 pokemon card,,,
881,en-smp-SM239,smp-SM239,Carracosta GX,SM Black Star Promos,SM239,248,Promo,Carracosta GX SM Black Star Promos SM239/248 pokemon card,,,
882,en-smp-SM240,smp-SM240,Espeon & Deoxys GX,SM Black Star Promos,SM240,248,Promo,Espeon & Deoxys GX SM Black Star Promos SM240/248 pokemon card,,,
883,en-smp-SM241,smp-SM241,Umbreon & Darkrai GX,SM Black Star Promos,SM241,248,Promo,Umbreon & Darkrai GX SM Black Star Promos SM241/248 pokemon card,,,
884,en-smp-SM242,smp-SM242,Eevee GX,SM Black Star Promos,SM242,248,Promo,Eevee GX SM Black Star Promos SM242/248 pokemon card,,,
885,en-smp-SM243,smp-SM243,Regigigas,SM Black Star Promos,SM243,248,Promo,Regigigas SM Black Star Promos SM243/248 pokemon card,,,
886,en-smp-SM244,smp-SM244,Aipom,SM Black Star Promos,SM244,248,Promo,Aipom SM Black Star Promos SM244/248 pokemon card,,,
887,en-smp-SM245,smp-SM245,Mismagius,SM Black Star Promos,SM245,248,Promo,Mismagius SM Black Star Promos SM245/248 pokemon card,,,
888,en-smp-SM246,smp-SM246,Sabrina & Brycen,SM Black Star Promos,SM246,248,Promo,Sabrina & Brycen SM Black Star Promos SM246/248 pokemon card,,,
889,en-smp-SM247,smp-SM247,Reshiram & Charizard GX,SM Black Star Promos,SM247,248,Promo,Reshiram & Charizard GX SM Black Star Promos SM247/248 pokemon card,,,
890,en-smp-SM248,smp-SM248,Pikachu & Zekrom GX,SM Black Star Promos,SM248,248,Promo,Pikachu & Zekrom GX SM Black Star Promos SM248/248 pokemon card,,,
891,en-smp-SM89,smp-SM89,Zoroark,SM Black Star Promos,SM89,248,Promo,Zoroark SM Black Star Promos SM89/248 pokemon card,,,
892,en-smp-SM90,smp-SM90,Raichu GX,SM Black Star Promos,SM90,248,Promo,Raichu GX SM Black Star Promos SM90/248 pokemon card,,,
893,en-smp-SM93,smp-SM93,Marshadow,SM Black Star Promos,SM93,248,Promo,Marshadow SM Black Star Promos SM93/248 pokemon card,,,
894,en-tk-sm-r-1,tk-sm-r-1,Lightning Energy,SM trainer Kit (Alolan Raichu),1,30,None,Lightning Energy SM trainer Kit (Alolan Raichu) 1/30 pokemon card,,,
895,en-tk-sm-r-10,tk-sm-r-10,Lightning Energy,SM trainer Kit (Alolan Raichu),10,30,None,Lightning Energy SM trainer Kit (Alolan Raichu) 10/30 pokemon card,,,
896,en-tk-sm-r-11,tk-sm-r-11,Zubat,SM trainer Kit (Alolan Raichu),11,30,Common,Zubat SM trainer Kit (Alolan Raichu) 11/30 pokemon card,,,
897,en-tk-sm-r-12,tk-sm-r-12,Lightning Energy,SM trainer Kit (Alolan Raichu),12,30,None,Lightning Energy SM trainer Kit (Alolan Raichu) 12/30 pokemon card,,,
898,en-tk-sm-r-13,tk-sm-r-13,Spearow,SM trainer Kit (Alolan Raichu),13,30,Common,Spearow SM trainer Kit (Alolan Raichu) 13/30 pokemon card,,,
899,en-tk-sm-r-14,tk-sm-r-14,Pikachu,SM trainer Kit (Alolan Raichu),14,30,None,Pikachu SM trainer Kit (Alolan Raichu) 14/30 pokemon card,,,
900,en-tk-sm-r-15,tk-sm-r-15,Potion,SM trainer Kit (Alolan Raichu),15,30,Uncommon,Potion SM trainer Kit (Alolan Raichu) 15/30 pokemon card,,,
901,en-tk-sm-r-16,tk-sm-r-16,Grubbin,SM trainer Kit (Alolan Raichu),16,30,Common,Grubbin SM trainer Kit (Alolan Raichu) 16/30 pokemon card,,,
902,en-tk-sm-r-17,tk-sm-r-17,Alolan Raichu,SM trainer Kit (Alolan Raichu),17,30,None,Alolan Raichu SM trainer Kit (Alolan Raichu) 17/30 pokemon card,,,
903,en-tk-sm-r-18,tk-sm-r-18,Bewear,SM trainer Kit (Alolan Raichu),18,30,Rare,Bewear SM trainer Kit (Alolan Raichu) 18/30 pokemon card,,,
904,en-tk-sm-r-19,tk-sm-r-19,Hau,SM trainer Kit (Alolan Raichu),19,30,Uncommon,Hau SM trainer Kit (Alolan Raichu) 19/30 pokemon card,,,
905,en-tk-sm-r-2,tk-sm-r-2,Lightning Energy,SM trainer Kit (Alolan Raichu),2,30,Common,Lightning Energy SM trainer Kit (Alolan Raichu) 2/30 pokemon card,,,
906,en-tk-sm-r-20,tk-sm-r-20,Psychic Energy,SM trainer Kit (Alolan Raichu),20,30,Common,Psychic Energy SM trainer Kit (Alolan Raichu) 20/30 pokemon card,,,
907,en-tk-sm-r-21,tk-sm-r-21,Great Ball,SM trainer Kit (Alolan Raichu),21,30,Uncommon,Great Ball SM trainer Kit (Alolan Raichu) 21/30 pokemon card,,,
908,en-tk-sm-r-22,tk-sm-r-22,Drowzee,SM trainer Kit (Alolan Raichu),22,30,Common,Drowzee SM trainer Kit (Alolan Raichu) 22/30 pokemon card,,,
909,en-tk-sm-r-23,tk-sm-r-23,Hau,SM trainer Kit (Alolan Raichu),23,30,Uncommon,Hau SM trainer Kit (Alolan Raichu) 23/30 pokemon card,,,
910,en-tk-sm-r-24,tk-sm-r-24,Psychic Energy,SM trainer Kit (Alolan Raichu),24,30,None,Psychic Energy SM trainer Kit (Alolan Raichu) 24/30 pokemon card,,,
911,en-tk-sm-r-25,tk-sm-r-25,Great Ball,SM trainer Kit (Alolan Raichu),25,30,Uncommon,Great Ball SM trainer Kit (Alolan Raichu) 25/30 pokemon card,,,
912,en-tk-sm-r-26,tk-sm-r-26,Togedemaru,SM trainer Kit (Alolan Raichu),26,30,Common,Togedemaru SM trainer Kit (Alolan Raichu) 26/30 pokemon card,,,
913,en-tk-sm-r-27,tk-sm-r-27,Psychic Energy,SM trainer Kit (Alolan Raichu),27,30,None,Psychic Energy SM trainer Kit (Alolan Raichu) 27/30 pokemon card,,,
914,en-tk-sm-r-28,tk-sm-r-28,Psychic Energy,SM trainer Kit (Alolan Raichu),28,30,None,Psychic Energy SM trainer Kit (Alolan Raichu) 28/30 pokemon card,,,
915,en-tk-sm-r-29,tk-sm-r-29,Pikachu,SM trainer Kit (Alolan Raichu),29,30,None,Pikachu SM trainer Kit (Alolan Raichu) 29/30 pokemon card,,,
916,en-tk-sm-r-3,tk-sm-r-3,Lightning Energy,SM trainer Kit (Alolan Raichu),3,30,None,Lightning Energy SM trainer Kit (Alolan Raichu) 3/30 pokemon card,,,
917,en-tk-sm-r-30,tk-sm-r-30,Alolan Raichu,SM trainer Kit (Alolan Raichu),30,30,None,Alolan Raichu SM trainer Kit (Alolan Raichu) 30/30 pokemon card,,,
918,en-tk-sm-r-4,tk-sm-r-4,Stufful,SM trainer Kit (Alolan Raichu),4,30,Common,Stufful SM trainer Kit (Alolan Raichu) 4/30 pokemon card,,,
919,en-tk-sm-r-5,tk-sm-r-5,Lightning Energy,SM trainer Kit (Alolan Raichu),5,30,None,Lightning Energy SM trainer Kit (Alolan Raichu) 5/30 pokemon card,,,
920,en-tk-sm-r-6,tk-sm-r-6,Golbat,SM trainer Kit (Alolan Raichu),6,30,Uncommon,Golbat SM trainer Kit (Alolan Raichu) 6/30 pokemon card,,,
921,en-tk-sm-r-7,tk-sm-r-7,Lightning Energy,SM trainer Kit (Alolan Raichu),7,30,None,Lightning Energy SM trainer Kit (Alolan Raichu) 7/30 pokemon card,,,
922,en-tk-sm-r-8,tk-sm-r-8,Lightning Energy,SM trainer Kit (Alolan Raichu),8,30,None,Lightning Energy SM trainer Kit (Alolan Raichu) 8/30 pokemon card,,,
923,en-tk-sm-r-9,tk-sm-r-9,Lightning Energy,SM trainer Kit (Alolan Raichu),9,30,None,Lightning Energy SM trainer Kit (Alolan Raichu) 9/30 pokemon card,,,
924,en-tk-sm-l-1,tk-sm-l-1,Caterpie,SM trainer Kit (Lycanroc),1,30,Common,Caterpie SM trainer Kit (Lycanroc) 1/30 pokemon card,,,
925,en-tk-sm-l-11,tk-sm-l-11,Fletchling,SM trainer Kit (Lycanroc),11,30,Common,Fletchling SM trainer Kit (Lycanroc) 11/30 pokemon card,,,
926,en-tk-sm-l-12,tk-sm-l-12,Yungoos,SM trainer Kit (Lycanroc),12,30,Common,Yungoos SM trainer Kit (Lycanroc) 12/30 pokemon card,,,
927,en-tk-sm-l-13,tk-sm-l-13,Fletchinder,SM trainer Kit (Lycanroc),13,30,Uncommon,Fletchinder SM trainer Kit (Lycanroc) 13/30 pokemon card,,,
928,en-tk-sm-l-14,tk-sm-l-14,Rockruff,SM trainer Kit (Lycanroc),14,30,Common,Rockruff SM trainer Kit (Lycanroc) 14/30 pokemon card,,,
929,en-tk-sm-l-15,tk-sm-l-15,Pikipek,SM trainer Kit (Lycanroc),15,30,Common,Pikipek SM trainer Kit (Lycanroc) 15/30 pokemon card,,,
930,en-tk-sm-l-16,tk-sm-l-16,Lycanroc,SM trainer Kit (Lycanroc),16,30,None,Lycanroc SM trainer Kit (Lycanroc) 16/30 pokemon card,,,
931,en-tk-sm-l-18,tk-sm-l-18,Makuhita,SM trainer Kit (Lycanroc),18,30,Common,Makuhita SM trainer Kit (Lycanroc) 18/30 pokemon card,,,
932,en-tk-sm-l-19,tk-sm-l-19,Hau,SM trainer Kit (Lycanroc),19,30,Uncommon,Hau SM trainer Kit (Lycanroc) 19/30 pokemon card,,,
933,en-tk-sm-l-21,tk-sm-l-21,Great Ball,SM trainer Kit (Lycanroc),21,30,Uncommon,Great Ball SM trainer Kit (Lycanroc) 21/30 pokemon card,,,
934,en-tk-sm-l-22,tk-sm-l-22,Toucannon,SM trainer Kit (Lycanroc),22,30,Rare,Toucannon SM trainer Kit (Lycanroc) 22/30 pokemon card,,,
935,en-tk-sm-l-23,tk-sm-l-23,Hau,SM trainer Kit (Lycanroc),23,30,Uncommon,Hau SM trainer Kit (Lycanroc) 23/30 pokemon card,,,
936,en-tk-sm-l-25,tk-sm-l-25,Great Ball,SM trainer Kit (Lycanroc),25,30,Uncommon,Great Ball SM trainer Kit (Lycanroc) 25/30 pokemon card,,,
937,en-tk-sm-l-27,tk-sm-l-27,Big Malasada,SM trainer Kit (Lycanroc),27,30,Uncommon,Big Malasada SM trainer Kit (Lycanroc) 27/30 pokemon card,,,
938,en-tk-sm-l-29,tk-sm-l-29,Rockruff,SM trainer Kit (Lycanroc),29,30,Common,Rockruff SM trainer Kit (Lycanroc) 29/30 pokemon card,,,
939,en-tk-sm-l-30,tk-sm-l-30,Lycanroc,SM trainer Kit (Lycanroc),30,30,None,Lycanroc SM trainer Kit (Lycanroc) 30/30 pokemon card,,,
940,en-tk-sm-l-4,tk-sm-l-4,Trumbeak,SM trainer Kit (Lycanroc),4,30,Uncommon,Trumbeak SM trainer Kit (Lycanroc) 4/30 pokemon card,,,
941,en-tk-sm-l-5,tk-sm-l-5,Fighting Energy,SM trainer Kit (Lycanroc),5,30,Common,Fighting Energy SM trainer Kit (Lycanroc) 5/30 pokemon card,,,
942,en-svp-085,svp-085,Pikachu with Grey Felt Hat,SVP Black Star Promos,085,225,Promo,Pikachu with Grey Felt Hat SVP Black Star Promos 085/225 pokemon card,,,
943,en-svp-102,svp-102,Oddish,SVP Black Star Promos,102,225,Promo,Oddish SVP Black Star Promos 102/225 pokemon card,,,
944,en-svp-175,svp-175,Espeon ex,SVP Black Star Promos,175,225,Promo,Espeon ex SVP Black Star Promos 175/225 pokemon card,,,
945,en-svp-176,svp-176,Umbreon ex,SVP Black Star Promos,176,225,Promo,Umbreon ex SVP Black Star Promos 176/225 pokemon card,,,
946,en-svp-190,svp-190,Pikachu,SVP Black Star Promos,190,225,Promo,Pikachu SVP Black Star Promos 190/225 pokemon card,,,
947,en-svp-191,svp-191,Sprigatito,SVP Black Star Promos,191,225,Promo,Sprigatito SVP Black Star Promos 191/225 pokemon card,,,
948,en-svp-192,svp-192,Fuecoco,SVP Black Star Promos,192,225,Promo,Fuecoco SVP Black Star Promos 192/225 pokemon card,,,
949,en-svp-196,svp-196,Charizard ex,SVP Black Star Promos,196,225,Promo,Charizard ex SVP Black Star Promos 196/225 pokemon card,,,
950,en-svp-199,svp-199,Zarude,SVP Black Star Promos,199,225,Promo,Zarude SVP Black Star Promos 199/225 pokemon card,,,
951,en-svp-200,svp-200,Eevee,SVP Black Star Promos,200,225,Promo,Eevee SVP Black Star Promos 200/225 pokemon card,,,
952,en-svp-201,svp-201,Zebstrika,SVP Black Star Promos,201,225,Promo,Zebstrika SVP Black Star Promos 201/225 pokemon card,,,
953,en-svp-202,svp-202,Kangaskhan,SVP Black Star Promos,202,225,Promo,Kangaskhan SVP Black Star Promos 202/225 pokemon card,,,
954,en-svp-203,svp-203,Team Rocket's Wobbuffet,SVP Black Star Promos,203,225,Promo,Team Rocket's Wobbuffet SVP Black Star Promos 203/225 pokemon card,,,
955,en-svp-204,svp-204,Cynthia's Garchomp ex,SVP Black Star Promos,204,225,Promo,Cynthia's Garchomp ex SVP Black Star Promos 204/225 pokemon card,,,
956,en-svp-205,svp-205,Team Rocket's Mewtwo ex,SVP Black Star Promos,205,225,Promo,Team Rocket's Mewtwo ex SVP Black Star Promos 205/225 pokemon card,,,
957,en-svp-208,svp-208,Victini,SVP Black Star Promos,208,225,Promo,Victini SVP Black Star Promos 208/225 pokemon card,,,
958,en-svp-209,svp-209,Thundurus,SVP Black Star Promos,209,225,Promo,Thundurus SVP Black Star Promos 209/225 pokemon card,,,
959,en-svp-210,svp-210,Tornadus,SVP Black Star Promos,210,225,Promo,Tornadus SVP Black Star Promos 210/225 pokemon card,,,
960,en-svp-211,svp-211,Gothitelle,SVP Black Star Promos,211,225,Promo,Gothitelle SVP Black Star Promos 211/225 pokemon card,,,
961,en-svp-212,svp-212,Reuniclus,SVP Black Star Promos,212,225,Promo,Reuniclus SVP Black Star Promos 212/225 pokemon card,,,
962,en-svp-213,svp-213,Feraligatr,SVP Black Star Promos,213,225,Promo,Feraligatr SVP Black Star Promos 213/225 pokemon card,,,
963,en-svp-214,svp-214,Pikachu,SVP Black Star Promos,214,225,Promo,Pikachu SVP Black Star Promos 214/225 pokemon card,,,
964,en-svp-215,svp-215,Toxtricity ex,SVP Black Star Promos,215,225,Promo,Toxtricity ex SVP Black Star Promos 215/225 pokemon card,,,
965,en-svp-216,svp-216,Team Rocket's Mewtwo ex,SVP Black Star Promos,216,225,Promo,Team Rocket's Mewtwo ex SVP Black Star Promos 216/225 pokemon card,,,
966,en-svp-217,svp-217,Team Rocket's Nidoking ex,SVP Black Star Promos,217,225,Promo,Team Rocket's Nidoking ex SVP Black Star Promos 217/225 pokemon card,,,
967,en-svp-218,svp-218,Team Rocket's Persian ex,SVP Black Star Promos,218,225,Promo,Team Rocket's Persian ex SVP Black Star Promos 218/225 pokemon card,,,
968,en-svp-219,svp-219,Black Belt's Training,SVP Black Star Promos,219,225,Promo,Black Belt's Training SVP Black Star Promos 219/225 pokemon card,,,
969,en-svp-220,svp-220,Black Belt's Training,SVP Black Star Promos,220,225,Promo,Black Belt's Training SVP Black Star Promos 220/225 pokemon card,,,
970,en-svp-221,svp-221,Professor's Research,SVP Black Star Promos,221,225,Promo,Professor's Research SVP Black Star Promos 221/225 pokemon card,,,
971,en-svp-222,svp-222,Professor's Research,SVP Black Star Promos,222,225,Promo,Professor's Research SVP Black Star Promos 222/225 pokemon card,,,
972,en-svp-223,svp-223,Professor's Research,SVP Black Star Promos,223,225,Promo,Professor's Research SVP Black Star Promos 223/225 pokemon card,,,
973,en-svp-224,svp-224,Paradise Resort,SVP Black Star Promos,224,225,Promo,Paradise Resort SVP Black Star Promos 224/225 pokemon card,,,
974,en-svp-225,svp-225,Pikachu,SVP Black Star Promos,225,225,Promo,Pikachu SVP Black Star Promos 225/225 pokemon card,,,
975,en-svp-500,svp-500,Terapagos & Friends,SVP Black Star Promos,500,225,Promo,Terapagos & Friends SVP Black Star Promos 500/225 pokemon card,,,
976,en-swshp-SWSH074,swshp-SWSH074,Special Delivery Pikachu,SWSH Black Star Promos,SWSH074,307,Promo,Special Delivery Pikachu SWSH Black Star Promos SWSH074/307 pokemon card,,,
977,en-swshp-SWSH075,swshp-SWSH075,Special Delivery Charizard,SWSH Black Star Promos,SWSH075,307,Promo,Special Delivery Charizard SWSH Black Star Promos SWSH075/307 pokemon card,,,
978,en-swshp-SWSH177,swshp-SWSH177,Special Delivery Bidoof,SWSH Black Star Promos,SWSH177,307,Promo,Special Delivery Bidoof SWSH Black Star Promos SWSH177/307 pokemon card,,,
979,en-swshp-SWSH251,swshp-SWSH251,Boss's Orders,SWSH Black Star Promos,SWSH251,307,Promo,Boss's Orders SWSH Black Star Promos SWSH251/307 pokemon card,,,
980,en-swshp-SWSH282,swshp-SWSH282,Galarian Articuno,SWSH Black Star Promos,SWSH282,307,Promo,Galarian Articuno SWSH Black Star Promos SWSH282/307 pokemon card,,,
981,en-swshp-SWSH283,swshp-SWSH283,Galarian Zapdos,SWSH Black Star Promos,SWSH283,307,Promo,Galarian Zapdos SWSH Black Star Promos SWSH283/307 pokemon card,,,
982,en-swshp-SWSH284,swshp-SWSH284,Galarian Moltres,SWSH Black Star Promos,SWSH284,307,Promo,Galarian Moltres SWSH Black Star Promos SWSH284/307 pokemon card,,,
983,en-swshp-SWSH287,swshp-SWSH287,Morpeko V-UNION,SWSH Black Star Promos,SWSH287,307,Promo,Morpeko V-UNION SWSH Black Star Promos SWSH287/307 pokemon card,,,
984,en-swshp-SWSH288,swshp-SWSH288,Morpeko V-UNION,SWSH Black Star Promos,SWSH288,307,Promo,Morpeko V-UNION SWSH Black Star Promos SWSH288/307 pokemon card,,,
985,en-swshp-SWSH289,swshp-SWSH289,Morpeko V-UNION,SWSH Black Star Promos,SWSH289,307,Promo,Morpeko V-UNION SWSH Black Star Promos SWSH289/307 pokemon card,,,
986,en-swshp-SWSH290,swshp-SWSH290,Morpeko V-UNION,SWSH Black Star Promos,SWSH290,307,Promo,Morpeko V-UNION SWSH Black Star Promos SWSH290/307 pokemon card,,,
987,en-swshp-SWSH292,swshp-SWSH292,Zacian V,SWSH Black Star Promos,SWSH292,307,Promo,Zacian V SWSH Black Star Promos SWSH292/307 pokemon card,,,
988,en-swshp-SWSH293,swshp-SWSH293,Zamazenta V,SWSH Black Star Promos,SWSH293,307,Promo,Zamazenta V SWSH Black Star Promos SWSH293/307 pokemon card,,,
989,en-swshp-SWSH299,swshp-SWSH299,Jirachi V,SWSH Black Star Promos,SWSH299,307,Promo,Jirachi V SWSH Black Star Promos SWSH299/307 pokemon card,,,
990,en-swshp-SWSH300,swshp-SWSH300,Unown V,SWSH Black Star Promos,SWSH300,307,Promo,Unown V SWSH Black Star Promos SWSH300/307 pokemon card,,,
991,en-swshp-SWSH301,swshp-SWSH301,Lugia V,SWSH Black Star Promos,SWSH301,307,Promo,Lugia V SWSH Black Star Promos SWSH301/307 pokemon card,,,
992,en-swshp-SWSH302,swshp-SWSH302,Klara,SWSH Black Star Promos,SWSH302,307,Promo,Klara SWSH Black Star Promos SWSH302/307 pokemon card,,,
993,en-swshp-SWSH303,swshp-SWSH303,Bulbasaur,SWSH Black Star Promos,SWSH303,307,Promo,Bulbasaur SWSH Black Star Promos SWSH303/307 pokemon card,,,
994,en-swshp-SWSH304,swshp-SWSH304,Arcanine,SWSH Black Star Promos,SWSH304,307,Promo,Arcanine SWSH Black Star Promos SWSH304/307 pokemon card,,,
995,en-swshp-SWSH305,swshp-SWSH305,Greninja,SWSH Black Star Promos,SWSH305,307,Promo,Greninja SWSH Black Star Promos SWSH305/307 pokemon card,,,
996,en-swshp-SWSH306,swshp-SWSH306,Arceus V,SWSH Black Star Promos,SWSH306,307,Promo,Arceus V SWSH Black Star Promos SWSH306/307 pokemon card,,,
997,en-swshp-SWSH307,swshp-SWSH307,Arceus VSTAR,SWSH Black Star Promos,SWSH307,307,Promo,Arceus VSTAR SWSH Black Star Promos SWSH307/307 pokemon card,,,
998,en-sve-001,sve-001,Grass Energy,Scarlet & Violet Energy,001,24,Common,Grass Energy Scarlet & Violet Energy 001/24 pokemon card,,,
999,en-sve-002,sve-002,Fire Energy,Scarlet & Violet Energy,002,24,Common,Fire Energy Scarlet & Violet Energy 002/24 pokemon card,,,
1000,en-sve-003,sve-003,Water Energy,Scarlet & Violet Energy,003,24,Common,Water Energy Scarlet & Violet Energy 003/24 pokemon card,,,
1001,en-sve-004,sve-004,Lightning Energy,Scarlet & Violet Energy,004,24,Common,Lightning Energy Scarlet & Violet Energy 004/24 pokemon card,,,
1002,en-sve-005,sve-005,Psychic Energy,Scarlet & Violet Energy,005,24,Common,Psychic Energy Scarlet & Violet Energy 005/24 pokemon card,,,
1003,en-sve-006,sve-006,Fighting Energy,Scarlet & Violet Energy,006,24,Common,Fighting Energy Scarlet & Violet Energy 006/24 pokemon card,,,
1004,en-sve-007,sve-007,Darkness Energy,Scarlet & Violet Energy,007,24,Common,Darkness Energy Scarlet & Violet Energy 007/24 pokemon card,,,
1005,en-sve-008,sve-008,Metal Energy,Scarlet & Violet Energy,008,24,Common,Metal Energy Scarlet & Violet Energy 008/24 pokemon card,,,
1006,en-sve-009,sve-009,Grass Energy,Scarlet & Violet Energy,009,24,Common,Grass Energy Scarlet & Violet Energy 009/24 pokemon card,,,
1007,en-sve-010,sve-010,Fire Energy,Scarlet & Violet Energy,010,24,Common,Fire Energy Scarlet & Violet Energy 010/24 pokemon card,,,
1008,en-sve-011,sve-011,Water Energy,Scarlet & Violet Energy,011,24,Common,Water Energy Scarlet & Violet Energy 011/24 pokemon card,,,
1009,en-sve-012,sve-012,Lightning Energy,Scarlet & Violet Energy,012,24,Common,Lightning Energy Scarlet & Violet Energy 012/24 pokemon card,,,
1010,en-sve-013,sve-013,Psychic Energy,Scarlet & Violet Energy,013,24,Common,Psychic Energy Scarlet & Violet Energy 013/24 pokemon card,,,
1011,en-sve-014,sve-014,Fighting Energy,Scarlet & Violet Energy,014,24,Common,Fighting Energy Scarlet & Violet Energy 014/24 pokemon card,,,
1012,en-sve-015,sve-015,Darkness Energy,Scarlet & Violet Energy,015,24,Common,Darkness Energy Scarlet & Violet Energy 015/24 pokemon card,,,
1013,en-sve-016,sve-016,Metal Energy,Scarlet & Violet Energy,016,24,Common,Metal Energy Scarlet & Violet Energy 016/24 pokemon card,,,
1014,en-sve-017,sve-017,Grass Energy,Scarlet & Violet Energy,017,24,Common,Grass Energy Scarlet & Violet Energy 017/24 pokemon card,,,
1015,en-sve-018,sve-018,Fire Energy,Scarlet & Violet Energy,018,24,Common,Fire Energy Scarlet & Violet Energy 018/24 pokemon card,,,
1016,en-sve-019,sve-019,Water Energy,Scarlet & Violet Energy,019,24,Common,Water Energy Scarlet & Violet Energy 019/24 pokemon card,,,
1017,en-sve-020,sve-020,Lightning Energy,Scarlet & Violet Energy,020,24,Common,Lightning Energy Scarlet & Violet Energy 020/24 pokemon card,,,
1018,en-sve-021,sve-021,Psychic Energy,Scarlet & Violet Energy,021,24,Common,Psychic Energy Scarlet & Violet Energy 021/24 pokemon card,,,
1019,en-sve-022,sve-022,Fighting Energy,Scarlet & Violet Energy,022,24,Common,Fighting Energy Scarlet & Violet Energy 022/24 pokemon card,,,
1020,en-sve-023,sve-023,Darkness Energy,Scarlet & Violet Energy,023,24,Common,Darkness Energy Scarlet & Violet Energy 023/24 pokemon card,,,
1021,en-sve-024,sve-024,Metal Energy,Scarlet & Violet Energy,024,24,Common,Metal Energy Scarlet & Violet Energy 024/24 pokemon card,,,
1022,en-swsh4.5sv-SV001,swsh4.5sv-SV001,Rowlet,Shining Fates Shiny Vault,SV001,122,Shiny rare,Rowlet Shining Fates Shiny Vault SV001/122 pokemon card,,,
1023,en-swsh4.5sv-SV002,swsh4.5sv-SV002,Dartrix,Shining Fates Shiny Vault,SV002,122,Shiny rare,Dartrix Shining Fates Shiny Vault SV002/122 pokemon card,,,
1024,en-swsh4.5sv-SV003,swsh4.5sv-SV003,Decidueye,Shining Fates Shiny Vault,SV003,122,Shiny rare,Decidueye Shining Fates Shiny Vault SV003/122 pokemon card,,,
1025,en-swsh4.5sv-SV004,swsh4.5sv-SV004,Grookey,Shining Fates Shiny Vault,SV004,122,Shiny rare,Grookey Shining Fates Shiny Vault SV004/122 pokemon card,,,
1026,en-swsh4.5sv-SV005,swsh4.5sv-SV005,Thwackey,Shining Fates Shiny Vault,SV005,122,Shiny rare,Thwackey Shining Fates Shiny Vault SV005/122 pokemon card,,,
1027,en-swsh4.5sv-SV006,swsh4.5sv-SV006,Rillaboom,Shining Fates Shiny Vault,SV006,122,Shiny rare,Rillaboom Shining Fates Shiny Vault SV006/122 pokemon card,,,
1028,en-swsh4.5sv-SV007,swsh4.5sv-SV007,Blipbug,Shining Fates Shiny Vault,SV007,122,Shiny rare,Blipbug Shining Fates Shiny Vault SV007/122 pokemon card,,,
1029,en-swsh4.5sv-SV008,swsh4.5sv-SV008,Dottler,Shining Fates Shiny Vault,SV008,122,Shiny rare,Dottler Shining Fates Shiny Vault SV008/122 pokemon card,,,
1030,en-swsh4.5sv-SV009,swsh4.5sv-SV009,Orbeetle,Shining Fates Shiny Vault,SV009,122,Shiny rare,Orbeetle Shining Fates Shiny Vault SV009/122 pokemon card,,,
1031,en-swsh4.5sv-SV010,swsh4.5sv-SV010,Gossifleur,Shining Fates Shiny Vault,SV010,122,Shiny rare,Gossifleur Shining Fates Shiny Vault SV010/122 pokemon card,,,
1032,en-swsh4.5sv-SV011,swsh4.5sv-SV011,Eldegoss,Shining Fates Shiny Vault,SV011,122,Shiny rare,Eldegoss Shining Fates Shiny Vault SV011/122 pokemon card,,,
1033,en-swsh4.5sv-SV012,swsh4.5sv-SV012,Applin,Shining Fates Shiny Vault,SV012,122,Shiny rare,Applin Shining Fates Shiny Vault SV012/122 pokemon card,,,
1034,en-swsh4.5sv-SV013,swsh4.5sv-SV013,Flapple,Shining Fates Shiny Vault,SV013,122,Shiny rare,Flapple Shining Fates Shiny Vault SV013/122 pokemon card,,,
1035,en-swsh4.5sv-SV014,swsh4.5sv-SV014,Appletun,Shining Fates Shiny Vault,SV014,122,Shiny rare,Appletun Shining Fates Shiny Vault SV014/122 pokemon card,,,
1036,en-swsh4.5sv-SV015,swsh4.5sv-SV015,Scorbunny,Shining Fates Shiny Vault,SV015,122,Shiny rare,Scorbunny Shining Fates Shiny Vault SV015/122 pokemon card,,,
1037,en-swsh4.5sv-SV016,swsh4.5sv-SV016,Raboot,Shining Fates Shiny Vault,SV016,122,Shiny rare,Raboot Shining Fates Shiny Vault SV016/122 pokemon card,,,
1038,en-swsh4.5sv-SV017,swsh4.5sv-SV017,Cinderace,Shining Fates Shiny Vault,SV017,122,Shiny rare,Cinderace Shining Fates Shiny Vault SV017/122 pokemon card,,,
1039,en-swsh4.5sv-SV018,swsh4.5sv-SV018,Sizzlipede,Shining Fates Shiny Vault,SV018,122,Shiny rare,Sizzlipede Shining Fates Shiny Vault SV018/122 pokemon card,,,
1040,en-swsh4.5sv-SV019,swsh4.5sv-SV019,Centiskorch,Shining Fates Shiny Vault,SV019,122,Shiny rare,Centiskorch Shining Fates Shiny Vault SV019/122 pokemon card,,,
1041,en-swsh4.5sv-SV020,swsh4.5sv-SV020,Galarian Mr. Mime,Shining Fates Shiny Vault,SV020,122,Shiny rare,Galarian Mr. Mime Shining Fates Shiny Vault SV020/122 pokemon card,,,
1042,en-swsh4.5sv-SV021,swsh4.5sv-SV021,Galarian Mr. Rime,Shining Fates Shiny Vault,SV021,122,Shiny rare,Galarian Mr. Rime Shining Fates Shiny Vault SV021/122 pokemon card,,,
1043,en-swsh4.5sv-SV022,swsh4.5sv-SV022,Suicune,Shining Fates Shiny Vault,SV022,122,Shiny rare,Suicune Shining Fates Shiny Vault SV022/122 pokemon card,,,
1044,en-swsh4.5sv-SV023,swsh4.5sv-SV023,Galarian Darumaka,Shining Fates Shiny Vault,SV023,122,Shiny rare,Galarian Darumaka Shining Fates Shiny Vault SV023/122 pokemon card,,,
1045,en-swsh4.5sv-SV024,swsh4.5sv-SV024,Galarian Darmanitan,Shining Fates Shiny Vault,SV024,122,Shiny rare,Galarian Darmanitan Shining Fates Shiny Vault SV024/122 pokemon card,,,
1046,en-swsh4.5sv-SV025,swsh4.5sv-SV025,Sobble,Shining Fates Shiny Vault,SV025,122,Shiny rare,Sobble Shining Fates Shiny Vault SV025/122 pokemon card,,,
1047,en-swsh4.5sv-SV026,swsh4.5sv-SV026,Drizzile,Shining Fates Shiny Vault,SV026,122,Shiny rare,Drizzile Shining Fates Shiny Vault SV026/122 pokemon card,,,
1048,en-swsh4.5sv-SV027,swsh4.5sv-SV027,Inteleon,Shining Fates Shiny Vault,SV027,122,Shiny rare,Inteleon Shining Fates Shiny Vault SV027/122 pokemon card,,,
1049,en-swsh4.5sv-SV028,swsh4.5sv-SV028,Chewtle,Shining Fates Shiny Vault,SV028,122,Shiny rare,Chewtle Shining Fates Shiny Vault SV028/122 pokemon card,,,
1050,en-swsh4.5sv-SV029,swsh4.5sv-SV029,Drednaw,Shining Fates Shiny Vault,SV029,122,Shiny rare,Drednaw Shining Fates Shiny Vault SV029/122 pokemon card,,,
1051,en-swsh4.5sv-SV030,swsh4.5sv-SV030,Cramorant,Shining Fates Shiny Vault,SV030,122,Shiny rare,Cramorant Shining Fates Shiny Vault SV030/122 pokemon card,,,
1052,en-swsh4.5sv-SV031,swsh4.5sv-SV031,Arrokuda,Shining Fates Shiny Vault,SV031,122,Shiny rare,Arrokuda Shining Fates Shiny Vault SV031/122 pokemon card,,,
1053,en-swsh4.5sv-SV032,swsh4.5sv-SV032,Barraskewda,Shining Fates Shiny Vault,SV032,122,Shiny rare,Barraskewda Shining Fates Shiny Vault SV032/122 pokemon card,,,
1054,en-swsh4.5sv-SV033,swsh4.5sv-SV033,Snom,Shining Fates Shiny Vault,SV033,122,Shiny rare,Snom Shining Fates Shiny Vault SV033/122 pokemon card,,,
1055,en-swsh4.5sv-SV034,swsh4.5sv-SV034,Frosmoth,Shining Fates Shiny Vault,SV034,122,Shiny rare,Frosmoth Shining Fates Shiny Vault SV034/122 pokemon card,,,
1056,en-swsh4.5sv-SV035,swsh4.5sv-SV035,Eiscue,Shining Fates Shiny Vault,SV035,122,Shiny rare,Eiscue Shining Fates Shiny Vault SV035/122 pokemon card,,,
1057,en-swsh4.5sv-SV036,swsh4.5sv-SV036,Dracovish,Shining Fates Shiny Vault,SV036,122,Shiny rare,Dracovish Shining Fates Shiny Vault SV036/122 pokemon card,,,
1058,en-swsh4.5sv-SV037,swsh4.5sv-SV037,Arctovish,Shining Fates Shiny Vault,SV037,122,Shiny rare,Arctovish Shining Fates Shiny Vault SV037/122 pokemon card,,,
1059,en-swsh4.5sv-SV038,swsh4.5sv-SV038,Rotom,Shining Fates Shiny Vault,SV038,122,Shiny rare,Rotom Shining Fates Shiny Vault SV038/122 pokemon card,,,
1060,en-swsh4.5sv-SV039,swsh4.5sv-SV039,Yamper,Shining Fates Shiny Vault,SV039,122,Shiny rare,Yamper Shining Fates Shiny Vault SV039/122 pokemon card,,,
1061,en-swsh4.5sv-SV040,swsh4.5sv-SV040,Boltund,Shining Fates Shiny Vault,SV040,122,Shiny rare,Boltund Shining Fates Shiny Vault SV040/122 pokemon card,,,
1062,en-swsh4.5sv-SV041,swsh4.5sv-SV041,Toxel,Shining Fates Shiny Vault,SV041,122,Shiny rare,Toxel Shining Fates Shiny Vault SV041/122 pokemon card,,,
1063,en-swsh4.5sv-SV042,swsh4.5sv-SV042,Toxtricity,Shining Fates Shiny Vault,SV042,122,Shiny rare,Toxtricity Shining Fates Shiny Vault SV042/122 pokemon card,,,
1064,en-swsh4.5sv-SV043,swsh4.5sv-SV043,Pincurchin,Shining Fates Shiny Vault,SV043,122,Shiny rare,Pincurchin Shining Fates Shiny Vault SV043/122 pokemon card,,,
1065,en-swsh4.5sv-SV044,swsh4.5sv-SV044,Morpeko,Shining Fates Shiny Vault,SV044,122,Shiny rare,Morpeko Shining Fates Shiny Vault SV044/122 pokemon card,,,
1066,en-swsh4.5sv-SV045,swsh4.5sv-SV045,Dracozolt,Shining Fates Shiny Vault,SV045,122,Shiny rare,Dracozolt Shining Fates Shiny Vault SV045/122 pokemon card,,,
1067,en-swsh4.5sv-SV046,swsh4.5sv-SV046,Arctozolt,Shining Fates Shiny Vault,SV046,122,Shiny rare,Arctozolt Shining Fates Shiny Vault SV046/122 pokemon card,,,
1068,en-swsh4.5sv-SV047,swsh4.5sv-SV047,Galarian Ponyta,Shining Fates Shiny Vault,SV047,122,Shiny rare,Galarian Ponyta Shining Fates Shiny Vault SV047/122 pokemon card,,,
1069,en-swsh4.5sv-SV048,swsh4.5sv-SV048,Galarian Rapidash,Shining Fates Shiny Vault,SV048,122,Shiny rare,Galarian Rapidash Shining Fates Shiny Vault SV048/122 pokemon card,,,
1070,en-swsh4.5sv-SV049,swsh4.5sv-SV049,Galarian Corsola,Shining Fates Shiny Vault,SV049,122,Shiny rare,Galarian Corsola Shining Fates Shiny Vault SV049/122 pokemon card,,,
1071,en-swsh4.5sv-SV050,swsh4.5sv-SV050,Galarian Cursola,Shining Fates Shiny Vault,SV050,122,Shiny rare,Galarian Cursola Shining Fates Shiny Vault SV050/122 pokemon card,,,
1072,en-swsh4.5sv-SV051,swsh4.5sv-SV051,Dedenne,Shining Fates Shiny Vault,SV051,122,Shiny rare,Dedenne Shining Fates Shiny Vault SV051/122 pokemon card,,,
1073,en-swsh4.5sv-SV052,swsh4.5sv-SV052,Sinistea,Shining Fates Shiny Vault,SV052,122,Shiny rare,Sinistea Shining Fates Shiny Vault SV052/122 pokemon card,,,
1074,en-swsh4.5sv-SV053,swsh4.5sv-SV053,Polteageist,Shining Fates Shiny Vault,SV053,122,Shiny rare,Polteageist Shining Fates Shiny Vault SV053/122 pokemon card,,,
1075,en-swsh4.5sv-SV054,swsh4.5sv-SV054,Hatenna,Shining Fates Shiny Vault,SV054,122,Shiny rare,Hatenna Shining Fates Shiny Vault SV054/122 pokemon card,,,
1076,en-swsh4.5sv-SV055,swsh4.5sv-SV055,Hattrem,Shining Fates Shiny Vault,SV055,122,Shiny rare,Hattrem Shining Fates Shiny Vault SV055/122 pokemon card,,,
1077,en-swsh4.5sv-SV056,swsh4.5sv-SV056,Hatterene,Shining Fates Shiny Vault,SV056,122,Shiny rare,Hatterene Shining Fates Shiny Vault SV056/122 pokemon card,,,
1078,en-swsh4.5sv-SV057,swsh4.5sv-SV057,Milcery,Shining Fates Shiny Vault,SV057,122,Shiny rare,Milcery Shining Fates Shiny Vault SV057/122 pokemon card,,,
1079,en-swsh4.5sv-SV058,swsh4.5sv-SV058,Alcremie,Shining Fates Shiny Vault,SV058,122,Shiny rare,Alcremie Shining Fates Shiny Vault SV058/122 pokemon card,,,
1080,en-swsh4.5sv-SV059,swsh4.5sv-SV059,Indeedee,Shining Fates Shiny Vault,SV059,122,Shiny rare,Indeedee Shining Fates Shiny Vault SV059/122 pokemon card,,,
1081,en-swsh4.5sv-SV060,swsh4.5sv-SV060,Dreepy,Shining Fates Shiny Vault,SV060,122,Shiny rare,Dreepy Shining Fates Shiny Vault SV060/122 pokemon card,,,
1082,en-swsh4.5sv-SV061,swsh4.5sv-SV061,Drakloak,Shining Fates Shiny Vault,SV061,122,Shiny rare,Drakloak Shining Fates Shiny Vault SV061/122 pokemon card,,,
1083,en-swsh4.5sv-SV062,swsh4.5sv-SV062,Dragapult,Shining Fates Shiny Vault,SV062,122,Shiny rare,Dragapult Shining Fates Shiny Vault SV062/122 pokemon card,,,
1084,en-swsh4.5sv-SV063,swsh4.5sv-SV063,Galarian Farfetch'd,Shining Fates Shiny Vault,SV063,122,Shiny rare,Galarian Farfetch'd Shining Fates Shiny Vault SV063/122 pokemon card,,,
1085,en-swsh4.5sv-SV064,swsh4.5sv-SV064,Galarian Sirfetch'd,Shining Fates Shiny Vault,SV064,122,Shiny rare,Galarian Sirfetch'd Shining Fates Shiny Vault SV064/122 pokemon card,,,
1086,en-swsh4.5sv-SV065,swsh4.5sv-SV065,Galarian Yamask,Shining Fates Shiny Vault,SV065,122,Shiny rare,Galarian Yamask Shining Fates Shiny Vault SV065/122 pokemon card,,,
1087,en-swsh4.5sv-SV066,swsh4.5sv-SV066,Galarian Runerigus,Shining Fates Shiny Vault,SV066,122,Shiny rare,Galarian Runerigus Shining Fates Shiny Vault SV066/122 pokemon card,,,
1088,en-swsh4.5sv-SV067,swsh4.5sv-SV067,Rolycoly,Shining Fates Shiny Vault,SV067,122,Shiny rare,Rolycoly Shining Fates Shiny Vault SV067/122 pokemon card,,,
1089,en-swsh4.5sv-SV068,swsh4.5sv-SV068,Carkol,Shining Fates Shiny Vault,SV068,122,Shiny rare,Carkol Shining Fates Shiny Vault SV068/122 pokemon card,,,
1090,en-swsh4.5sv-SV069,swsh4.5sv-SV069,Coalossal,Shining Fates Shiny Vault,SV069,122,Shiny rare,Coalossal Shining Fates Shiny Vault SV069/122 pokemon card,,,
1091,en-swsh4.5sv-SV070,swsh4.5sv-SV070,Silicobra,Shining Fates Shiny Vault,SV070,122,Shiny rare,Silicobra Shining Fates Shiny Vault SV070/122 pokemon card,,,
1092,en-swsh4.5sv-SV071,swsh4.5sv-SV071,Sandaconda,Shining Fates Shiny Vault,SV071,122,Shiny rare,Sandaconda Shining Fates Shiny Vault SV071/122 pokemon card,,,
1093,en-swsh4.5sv-SV072,swsh4.5sv-SV072,Clobbopus,Shining Fates Shiny Vault,SV072,122,Shiny rare,Clobbopus Shining Fates Shiny Vault SV072/122 pokemon card,,,
1094,en-swsh4.5sv-SV073,swsh4.5sv-SV073,Grapploct,Shining Fates Shiny Vault,SV073,122,Shiny rare,Grapploct Shining Fates Shiny Vault SV073/122 pokemon card,,,
1095,en-swsh4.5sv-SV074,swsh4.5sv-SV074,Falinks,Shining Fates Shiny Vault,SV074,122,Shiny rare,Falinks Shining Fates Shiny Vault SV074/122 pokemon card,,,
1096,en-swsh4.5sv-SV075,swsh4.5sv-SV075,Stonjourner,Shining Fates Shiny Vault,SV075,122,Shiny rare,Stonjourner Shining Fates Shiny Vault SV075/122 pokemon card,,,
1097,en-swsh4.5sv-SV076,swsh4.5sv-SV076,Koffing,Shining Fates Shiny Vault,SV076,122,Shiny rare,Koffing Shining Fates Shiny Vault SV076/122 pokemon card,,,
1098,en-swsh4.5sv-SV077,swsh4.5sv-SV077,Galarian Weezing,Shining Fates Shiny Vault,SV077,122,Shiny rare,Galarian Weezing Shining Fates Shiny Vault SV077/122 pokemon card,,,
1099,en-swsh4.5sv-SV078,swsh4.5sv-SV078,Galarian Zigzagoon,Shining Fates Shiny Vault,SV078,122,Shiny rare,Galarian Zigzagoon Shining Fates Shiny Vault SV078/122 pokemon card,,,
1100,en-swsh4.5sv-SV079,swsh4.5sv-SV079,Galarian Linoone,Shining Fates Shiny Vault,SV079,122,Shiny rare,Galarian Linoone Shining Fates Shiny Vault SV079/122 pokemon card,,,
1101,en-swsh4.5sv-SV080,swsh4.5sv-SV080,Galarian Obstagoon,Shining Fates Shiny Vault,SV080,122,Shiny rare,Galarian Obstagoon Shining Fates Shiny Vault SV080/122 pokemon card,,,
1102,en-swsh4.5sv-SV081,swsh4.5sv-SV081,Nickit,Shining Fates Shiny Vault,SV081,122,Shiny rare,Nickit Shining Fates Shiny Vault SV081/122 pokemon card,,,
1103,en-swsh4.5sv-SV082,swsh4.5sv-SV082,Thievul,Shining Fates Shiny Vault,SV082,122,Shiny rare,Thievul Shining Fates Shiny Vault SV082/122 pokemon card,,,
1104,en-swsh4.5sv-SV083,swsh4.5sv-SV083,Impidimp,Shining Fates Shiny Vault,SV083,122,Shiny rare,Impidimp Shining Fates Shiny Vault SV083/122 pokemon card,,,
1105,en-swsh4.5sv-SV084,swsh4.5sv-SV084,Morgrem,Shining Fates Shiny Vault,SV084,122,Shiny rare,Morgrem Shining Fates Shiny Vault SV084/122 pokemon card,,,
1106,en-swsh4.5sv-SV085,swsh4.5sv-SV085,Grimmsnarl,Shining Fates Shiny Vault,SV085,122,Shiny rare,Grimmsnarl Shining Fates Shiny Vault SV085/122 pokemon card,,,
1107,en-swsh4.5sv-SV086,swsh4.5sv-SV086,Galarian Meowth,Shining Fates Shiny Vault,SV086,122,Shiny rare,Galarian Meowth Shining Fates Shiny Vault SV086/122 pokemon card,,,
1108,en-swsh4.5sv-SV087,swsh4.5sv-SV087,Galarian Perrserker,Shining Fates Shiny Vault,SV087,122,Shiny rare,Galarian Perrserker Shining Fates Shiny Vault SV087/122 pokemon card,,,
1109,en-swsh4.5sv-SV088,swsh4.5sv-SV088,Galarian Stunfisk,Shining Fates Shiny Vault,SV088,122,Shiny rare,Galarian Stunfisk Shining Fates Shiny Vault SV088/122 pokemon card,,,
1110,en-swsh4.5sv-SV089,swsh4.5sv-SV089,Corviknight,Shining Fates Shiny Vault,SV089,122,Shiny rare,Corviknight Shining Fates Shiny Vault SV089/122 pokemon card,,,
1111,en-swsh4.5sv-SV090,swsh4.5sv-SV090,Cufant,Shining Fates Shiny Vault,SV090,122,Shiny rare,Cufant Shining Fates Shiny Vault SV090/122 pokemon card,,,
1112,en-swsh4.5sv-SV091,swsh4.5sv-SV091,Copperajah,Shining Fates Shiny Vault,SV091,122,Shiny rare,Copperajah Shining Fates Shiny Vault SV091/122 pokemon card,,,
1113,en-swsh4.5sv-SV092,swsh4.5sv-SV092,Duraludon,Shining Fates Shiny Vault,SV092,122,Shiny rare,Duraludon Shining Fates Shiny Vault SV092/122 pokemon card,,,
1114,en-swsh4.5sv-SV093,swsh4.5sv-SV093,Minccino,Shining Fates Shiny Vault,SV093,122,Shiny rare,Minccino Shining Fates Shiny Vault SV093/122 pokemon card,,,
1115,en-swsh4.5sv-SV094,swsh4.5sv-SV094,Cinccino,Shining Fates Shiny Vault,SV094,122,Shiny rare,Cinccino Shining Fates Shiny Vault SV094/122 pokemon card,,,
1116,en-swsh4.5sv-SV095,swsh4.5sv-SV095,Ducklett,Shining Fates Shiny Vault,SV095,122,Shiny rare,Ducklett Shining Fates Shiny Vault SV095/122 pokemon card,,,
1117,en-swsh4.5sv-SV096,swsh4.5sv-SV096,Swanna,Shining Fates Shiny Vault,SV096,122,Shiny rare,Swanna Shining Fates Shiny Vault SV096/122 pokemon card,,,
1118,en-swsh4.5sv-SV097,swsh4.5sv-SV097,Bunnelby,Shining Fates Shiny Vault,SV097,122,Shiny rare,Bunnelby Shining Fates Shiny Vault SV097/122 pokemon card,,,
1119,en-swsh4.5sv-SV098,swsh4.5sv-SV098,Oranguru,Shining Fates Shiny Vault,SV098,122,Shiny rare,Oranguru Shining Fates Shiny Vault SV098/122 pokemon card,,,
1120,en-swsh4.5sv-SV099,swsh4.5sv-SV099,Skwovet,Shining Fates Shiny Vault,SV099,122,Shiny rare,Skwovet Shining Fates Shiny Vault SV099/122 pokemon card,,,
1121,en-swsh4.5sv-SV100,swsh4.5sv-SV100,Greedent,Shining Fates Shiny Vault,SV100,122,Shiny rare,Greedent Shining Fates Shiny Vault SV100/122 pokemon card,,,
1122,en-swsh4.5sv-SV101,swsh4.5sv-SV101,Rookidee,Shining Fates Shiny Vault,SV101,122,Shiny rare,Rookidee Shining Fates Shiny Vault SV101/122 pokemon card,,,
1123,en-swsh4.5sv-SV102,swsh4.5sv-SV102,Corvisquire,Shining Fates Shiny Vault,SV102,122,Shiny rare,Corvisquire Shining Fates Shiny Vault SV102/122 pokemon card,,,
1124,en-swsh4.5sv-SV103,swsh4.5sv-SV103,Wooloo,Shining Fates Shiny Vault,SV103,122,Shiny rare,Wooloo Shining Fates Shiny Vault SV103/122 pokemon card,,,
1125,en-swsh4.5sv-SV104,swsh4.5sv-SV104,Dubwool,Shining Fates Shiny Vault,SV104,122,Shiny rare,Dubwool Shining Fates Shiny Vault SV104/122 pokemon card,,,
1126,en-swsh4.5sv-SV105,swsh4.5sv-SV105,Rillaboom V,Shining Fates Shiny Vault,SV105,122,Shiny rare V,Rillaboom V Shining Fates Shiny Vault SV105/122 pokemon card,,,
1127,en-swsh4.5sv-SV106,swsh4.5sv-SV106,Rillaboom VMAX,Shining Fates Shiny Vault,SV106,122,Shiny rare VMAX,Rillaboom VMAX Shining Fates Shiny Vault SV106/122 pokemon card,,,
1128,en-swsh4.5sv-SV107,swsh4.5sv-SV107,Charizard VMAX,Shining Fates Shiny Vault,SV107,122,Shiny rare VMAX,Charizard VMAX Shining Fates Shiny Vault SV107/122 pokemon card,,,
1129,en-swsh4.5sv-SV108,swsh4.5sv-SV108,Centiskorch V,Shining Fates Shiny Vault,SV108,122,Shiny rare V,Centiskorch V Shining Fates Shiny Vault SV108/122 pokemon card,,,
1130,en-swsh4.5sv-SV109,swsh4.5sv-SV109,Centiskorch VMAX,Shining Fates Shiny Vault,SV109,122,Shiny rare VMAX,Centiskorch VMAX Shining Fates Shiny Vault SV109/122 pokemon card,,,
1131,en-swsh4.5sv-SV110,swsh4.5sv-SV110,Lapras V,Shining Fates Shiny Vault,SV110,122,Shiny rare V,Lapras V Shining Fates Shiny Vault SV110/122 pokemon card,,,
1132,en-swsh4.5sv-SV111,swsh4.5sv-SV111,Lapras VMAX,Shining Fates Shiny Vault,SV111,122,Shiny rare VMAX,Lapras VMAX Shining Fates Shiny Vault SV111/122 pokemon card,,,
1133,en-swsh4.5sv-SV112,swsh4.5sv-SV112,Toxtricity V,Shining Fates Shiny Vault,SV112,122,Shiny rare V,Toxtricity V Shining Fates Shiny Vault SV112/122 pokemon card,,,
1134,en-swsh4.5sv-SV113,swsh4.5sv-SV113,Toxtricity VMAX,Shining Fates Shiny Vault,SV113,122,Shiny rare VMAX,Toxtricity VMAX Shining Fates Shiny Vault SV113/122 pokemon card,,,
1135,en-swsh4.5sv-SV114,swsh4.5sv-SV114,Indeedee V,Shining Fates Shiny Vault,SV114,122,Shiny rare V,Indeedee V Shining Fates Shiny Vault SV114/122 pokemon card,,,
1136,en-swsh4.5sv-SV115,swsh4.5sv-SV115,Falinks V,Shining Fates Shiny Vault,SV115,122,Shiny rare V,Falinks V Shining Fates Shiny Vault SV115/122 pokemon card,,,
1137,en-swsh4.5sv-SV116,swsh4.5sv-SV116,Grimmsnarl V,Shining Fates Shiny Vault,SV116,122,Shiny rare V,Grimmsnarl V Shining Fates Shiny Vault SV116/122 pokemon card,,,
1138,en-swsh4.5sv-SV117,swsh4.5sv-SV117,Grimmsnarl VMAX,Shining Fates Shiny Vault,SV117,122,Shiny rare VMAX,Grimmsnarl VMAX Shining Fates Shiny Vault SV117/122 pokemon card,,,
1139,en-swsh4.5sv-SV118,swsh4.5sv-SV118,Ditto V,Shining Fates Shiny Vault,SV118,122,Shiny rare V,Ditto V Shining Fates Shiny Vault SV118/122 pokemon card,,,
1140,en-swsh4.5sv-SV119,swsh4.5sv-SV119,Ditto VMAX,Shining Fates Shiny Vault,SV119,122,Shiny rare VMAX,Ditto VMAX Shining Fates Shiny Vault SV119/122 pokemon card,,,
1141,en-swsh4.5sv-SV120,swsh4.5sv-SV120,Dubwool V,Shining Fates Shiny Vault,SV120,122,Shiny rare V,Dubwool V Shining Fates Shiny Vault SV120/122 pokemon card,,,
1142,en-swsh4.5sv-SV121,swsh4.5sv-SV121,Eternatus V,Shining Fates Shiny Vault,SV121,122,Secret Rare,Eternatus V Shining Fates Shiny Vault SV121/122 pokemon card,,,
1143,en-swsh4.5sv-SV122,swsh4.5sv-SV122,Eternatus VMAX,Shining Fates Shiny Vault,SV122,122,Secret Rare,Eternatus VMAX Shining Fates Shiny Vault SV122/122 pokemon card,,,
1144,en-sm3.5-1,sm3.5-1,Bulbasaur,Shining Legends,1,73,Common,Bulbasaur Shining Legends 1/73 pokemon card,,,
1145,en-sm3.5-10,sm3.5-10,Entei GX,Shining Legends,10,73,Rare,Entei GX Shining Legends 10/73 pokemon card,,,
1146,en-sm3.5-11,sm3.5-11,Torkoal,Shining Legends,11,73,Common,Torkoal Shining Legends 11/73 pokemon card,,,
1147,en-sm3.5-12,sm3.5-12,Larvesta,Shining Legends,12,73,Common,Larvesta Shining Legends 12/73 pokemon card,,,
1148,en-sm3.5-13,sm3.5-13,Volcarona,Shining Legends,13,73,Uncommon,Volcarona Shining Legends 13/73 pokemon card,,,
1149,en-sm3.5-14,sm3.5-14,Reshiram,Shining Legends,14,73,Rare,Reshiram Shining Legends 14/73 pokemon card,,,
1150,en-sm3.5-15,sm3.5-15,Litten,Shining Legends,15,73,Common,Litten Shining Legends 15/73 pokemon card,,,
1151,en-sm3.5-16,sm3.5-16,Torracat,Shining Legends,16,73,Common,Torracat Shining Legends 16/73 pokemon card,,,
1152,en-sm3.5-17,sm3.5-17,Incineroar,Shining Legends,17,73,Uncommon,Incineroar Shining Legends 17/73 pokemon card,,,
1153,en-sm3.5-18,sm3.5-18,Totodile,Shining Legends,18,73,Common,Totodile Shining Legends 18/73 pokemon card,,,
1154,en-sm3.5-19,sm3.5-19,Croconaw,Shining Legends,19,73,Common,Croconaw Shining Legends 19/73 pokemon card,,,
1155,en-sm3.5-2,sm3.5-2,Ivysaur,Shining Legends,2,73,Common,Ivysaur Shining Legends 2/73 pokemon card,,,
1156,en-sm3.5-20,sm3.5-20,Feraligatr,Shining Legends,20,73,Uncommon,Feraligatr Shining Legends 20/73 pokemon card,,,
1157,en-sm3.5-21,sm3.5-21,Qwilfish,Shining Legends,21,73,Common,Qwilfish Shining Legends 21/73 pokemon card,,,
1158,en-sm3.5-22,sm3.5-22,Buizel,Shining Legends,22,73,Common,Buizel Shining Legends 22/73 pokemon card,,,
1159,en-sm3.5-23,sm3.5-23,Floatzel,Shining Legends,23,73,Uncommon,Floatzel Shining Legends 23/73 pokemon card,,,
1160,en-sm3.5-24,sm3.5-24,Palkia,Shining Legends,24,73,Rare,Palkia Shining Legends 24/73 pokemon card,,,
1161,en-sm3.5-25,sm3.5-25,Manaphy,Shining Legends,25,73,Rare,Manaphy Shining Legends 25/73 pokemon card,,,
1162,en-sm3.5-26,sm3.5-26,Keldeo,Shining Legends,26,73,Rare,Keldeo Shining Legends 26/73 pokemon card,,,
1163,en-sm3.5-27,sm3.5-27,Shining Volcanion,Shining Legends,27,73,Ultra Rare,Shining Volcanion Shining Legends 27/73 pokemon card,,,
1164,en-sm3.5-28,sm3.5-28,Pikachu,Shining Legends,28,73,Common,Pikachu Shining Legends 28/73 pokemon card,,,
1165,en-sm3.5-29,sm3.5-29,Raichu GX,Shining Legends,29,73,Ultra Rare,Raichu GX Shining Legends 29/73 pokemon card,,,
1166,en-sm3.5-3,sm3.5-3,Venusaur,Shining Legends,3,73,Uncommon,Venusaur Shining Legends 3/73 pokemon card,,,
1167,en-sm3.5-30,sm3.5-30,Voltorb,Shining Legends,30,73,Common,Voltorb Shining Legends 30/73 pokemon card,,,
1168,en-sm3.5-31,sm3.5-31,Electrode,Shining Legends,31,73,Uncommon,Electrode Shining Legends 31/73 pokemon card,,,
1169,en-sm3.5-32,sm3.5-32,Raikou,Shining Legends,32,73,Rare,Raikou Shining Legends 32/73 pokemon card,,,
1170,en-sm3.5-33,sm3.5-33,Plusle,Shining Legends,33,73,Common,Plusle Shining Legends 33/73 pokemon card,,,
1171,en-sm3.5-34,sm3.5-34,Minun,Shining Legends,34,73,Common,Minun Shining Legends 34/73 pokemon card,,,
1172,en-sm3.5-35,sm3.5-35,Zekrom,Shining Legends,35,73,Rare,Zekrom Shining Legends 35/73 pokemon card,,,
1173,en-sm3.5-36,sm3.5-36,Ekans,Shining Legends,36,73,Common,Ekans Shining Legends 36/73 pokemon card,,,
1174,en-sm3.5-37,sm3.5-37,Arbok,Shining Legends,37,73,Uncommon,Arbok Shining Legends 37/73 pokemon card,,,
1175,en-sm3.5-38,sm3.5-38,Jynx,Shining Legends,38,73,Common,Jynx Shining Legends 38/73 pokemon card,,,
1176,en-sm3.5-39,sm3.5-39,Mewtwo GX,Shining Legends,39,73,Ultra Rare,Mewtwo GX Shining Legends 39/73 pokemon card,,,
1177,en-sm3.5-4,sm3.5-4,Shroomish,Shining Legends,4,73,Common,Shroomish Shining Legends 4/73 pokemon card,,,
1178,en-sm3.5-40,sm3.5-40,Shining Mew,Shining Legends,40,73,Ultra Rare,Shining Mew Shining Legends 40/73 pokemon card,,,
1179,en-sm3.5-41,sm3.5-41,Latios,Shining Legends,41,73,Rare,Latios Shining Legends 41/73 pokemon card,,,
1180,en-sm3.5-42,sm3.5-42,Shining Jirachi,Shining Legends,42,73,Ultra Rare,Shining Jirachi Shining Legends 42/73 pokemon card,,,
1181,en-sm3.5-43,sm3.5-43,Golett,Shining Legends,43,73,Common,Golett Shining Legends 43/73 pokemon card,,,
1182,en-sm3.5-44,sm3.5-44,Golurk,Shining Legends,44,73,Uncommon,Golurk Shining Legends 44/73 pokemon card,,,
1183,en-sm3.5-45,sm3.5-45,Marshadow,Shining Legends,45,73,Rare,Marshadow Shining Legends 45/73 pokemon card,,,
1184,en-sm3.5-46,sm3.5-46,Stunfisk,Shining Legends,46,73,Common,Stunfisk Shining Legends 46/73 pokemon card,,,
1185,en-sm3.5-47,sm3.5-47,Spiritomb,Shining Legends,47,73,Uncommon,Spiritomb Shining Legends 47/73 pokemon card,,,
1186,en-sm3.5-48,sm3.5-48,Purrloin,Shining Legends,48,73,Common,Purrloin Shining Legends 48/73 pokemon card,,,
1187,en-sm3.5-49,sm3.5-49,Liepard,Shining Legends,49,73,Uncommon,Liepard Shining Legends 49/73 pokemon card,,,
1188,en-sm3.5-5,sm3.5-5,Breloom,Shining Legends,5,73,Common,Breloom Shining Legends 5/73 pokemon card,,,
1189,en-sm3.5-50,sm3.5-50,Scraggy,Shining Legends,50,73,Common,Scraggy Shining Legends 50/73 pokemon card,,,
1190,en-sm3.5-51,sm3.5-51,Scrafty,Shining Legends,51,73,Uncommon,Scrafty Shining Legends 51/73 pokemon card,,,
1191,en-sm3.5-52,sm3.5-52,Zorua,Shining Legends,52,73,Common,Zorua Shining Legends 52/73 pokemon card,,,
1192,en-sm3.5-53,sm3.5-53,Zoroark GX,Shining Legends,53,73,Ultra Rare,Zoroark GX Shining Legends 53/73 pokemon card,,,
1193,en-sm3.5-54,sm3.5-54,Yveltal,Shining Legends,54,73,Rare,Yveltal Shining Legends 54/73 pokemon card,,,
1194,en-sm3.5-55,sm3.5-55,Hoopa,Shining Legends,55,73,Rare,Hoopa Shining Legends 55/73 pokemon card,,,
1195,en-sm3.5-56,sm3.5-56,Shining Rayquaza,Shining Legends,56,73,Ultra Rare,Shining Rayquaza Shining Legends 56/73 pokemon card,,,
1196,en-sm3.5-57,sm3.5-57,Shining Arceus,Shining Legends,57,73,Ultra Rare,Shining Arceus Shining Legends 57/73 pokemon card,,,
1197,en-sm3.5-58,sm3.5-58,Damage Mover,Shining Legends,58,73,Uncommon,Damage Mover Shining Legends 58/73 pokemon card,,,
1198,en-sm3.5-59,sm3.5-59,Energy Retrieval,Shining Legends,59,73,Uncommon,Energy Retrieval Shining Legends 59/73 pokemon card,,,
1199,en-sm3.5-6,sm3.5-6,Carnivine,Shining Legends,6,73,Uncommon,Carnivine Shining Legends 6/73 pokemon card,,,
1200,en-sm3.5-60,sm3.5-60,Great Ball,Shining Legends,60,73,Uncommon,Great Ball Shining Legends 60/73 pokemon card,,,
1201,en-sm3.5-61,sm3.5-61,Hau,Shining Legends,61,73,Uncommon,Hau Shining Legends 61/73 pokemon card,,,
1202,en-sm3.5-62,sm3.5-62,Lillie,Shining Legends,62,73,Uncommon,Lillie Shining Legends 62/73 pokemon card,,,
1203,en-sm3.5-63,sm3.5-63,Pokémon Breeder,Shining Legends,63,73,Uncommon,Pokémon Breeder Shining Legends 63/73 pokemon card,,,
1204,en-sm3.5-64,sm3.5-64,Pokémon Catcher,Shining Legends,64,73,Uncommon,Pokémon Catcher Shining Legends 64/73 pokemon card,,,
1205,en-sm3.5-65,sm3.5-65,Sophocles,Shining Legends,65,73,Uncommon,Sophocles Shining Legends 65/73 pokemon card,,,
1206,en-sm3.5-66,sm3.5-66,Super Scoop Up,Shining Legends,66,73,Uncommon,Super Scoop Up Shining Legends 66/73 pokemon card,,,
1207,en-sm3.5-67,sm3.5-67,Switch,Shining Legends,67,73,Uncommon,Switch Shining Legends 67/73 pokemon card,,,
1208,en-sm3.5-68,sm3.5-68,Ultra Ball,Shining Legends,68,73,Uncommon,Ultra Ball Shining Legends 68/73 pokemon card,,,
1209,en-sm3.5-69,sm3.5-69,Double Colorless Energy,Shining Legends,69,73,Uncommon,Double Colorless Energy Shining Legends 69/73 pokemon card,,,
1210,en-sm3.5-7,sm3.5-7,Shaymin,Shining Legends,7,73,Rare,Shaymin Shining Legends 7/73 pokemon card,,,
1211,en-sm3.5-70,sm3.5-70,Warp Energy,Shining Legends,70,73,Uncommon,Warp Energy Shining Legends 70/73 pokemon card,,,
1212,en-sm3.5-71,sm3.5-71,Entei GX,Shining Legends,71,73,Ultra Rare,Entei GX Shining Legends 71/73 pokemon card,,,
1213,en-sm3.5-72,sm3.5-72,Mewtwo GX,Shining Legends,72,73,Ultra Rare,Mewtwo GX Shining Legends 72/73 pokemon card,,,
1214,en-sm3.5-73,sm3.5-73,Pokémon Breeder,Shining Legends,73,73,Ultra Rare,Pokémon Breeder Shining Legends 73/73 pokemon card,,,
1215,en-sm3.5-74,sm3.5-74,Entei GX,Shining Legends,74,73,Secret Rare,Entei GX Shining Legends 74/73 pokemon card,,,
1216,en-sm3.5-75,sm3.5-75,Raichu GX,Shining Legends,75,73,Secret Rare,Raichu GX Shining Legends 75/73 pokemon card,,,
1217,en-sm3.5-76,sm3.5-76,Mewtwo GX,Shining Legends,76,73,Secret Rare,Mewtwo GX Shining Legends 76/73 pokemon card,,,
1218,en-sm3.5-77,sm3.5-77,Zoroark GX,Shining Legends,77,73,Secret Rare,Zoroark GX Shining Legends 77/73 pokemon card,,,
1219,en-sm3.5-78,sm3.5-78,Mewtwo GX,Shining Legends,78,73,Secret Rare,Mewtwo GX Shining Legends 78/73 pokemon card,,,
1220,en-sm3.5-8,sm3.5-8,Virizion,Shining Legends,8,73,Rare,Virizion Shining Legends 8/73 pokemon card,,,
1221,en-sm3.5-9,sm3.5-9,Shining Genesect,Shining Legends,9,73,Ultra Rare,Shining Genesect Shining Legends 9/73 pokemon card,,,
1222,en-swsh12tg-TG01,swsh12tg-TG01,Braixen,Silver Tempest Trainer Gallery,TG01,30,Holo Rare,Braixen Silver Tempest Trainer Gallery TG01/30 pokemon card,,,
1223,en-swsh12tg-TG02,swsh12tg-TG02,Milotic,Silver Tempest Trainer Gallery,TG02,30,Holo Rare,Milotic Silver Tempest Trainer Gallery TG02/30 pokemon card,,,
1224,en-swsh12tg-TG03,swsh12tg-TG03,Flaaffy,Silver Tempest Trainer Gallery,TG03,30,Holo Rare,Flaaffy Silver Tempest Trainer Gallery TG03/30 pokemon card,,,
1225,en-swsh12tg-TG04,swsh12tg-TG04,Jynx,Silver Tempest Trainer Gallery,TG04,30,Holo Rare,Jynx Silver Tempest Trainer Gallery TG04/30 pokemon card,,,
1226,en-swsh12tg-TG05,swsh12tg-TG05,Gardevoir,Silver Tempest Trainer Gallery,TG05,30,Holo Rare,Gardevoir Silver Tempest Trainer Gallery TG05/30 pokemon card,,,
1227,en-swsh12tg-TG06,swsh12tg-TG06,Malamar,Silver Tempest Trainer Gallery,TG06,30,Holo Rare,Malamar Silver Tempest Trainer Gallery TG06/30 pokemon card,,,
1228,en-swsh12tg-TG07,swsh12tg-TG07,Rockruff,Silver Tempest Trainer Gallery,TG07,30,Holo Rare,Rockruff Silver Tempest Trainer Gallery TG07/30 pokemon card,,,
1229,en-swsh12tg-TG08,swsh12tg-TG08,Passimian,Silver Tempest Trainer Gallery,TG08,30,Holo Rare,Passimian Silver Tempest Trainer Gallery TG08/30 pokemon card,,,
1230,en-swsh12tg-TG09,swsh12tg-TG09,Druddigon,Silver Tempest Trainer Gallery,TG09,30,Holo Rare,Druddigon Silver Tempest Trainer Gallery TG09/30 pokemon card,,,
1231,en-swsh12tg-TG10,swsh12tg-TG10,Smeargle,Silver Tempest Trainer Gallery,TG10,30,Holo Rare,Smeargle Silver Tempest Trainer Gallery TG10/30 pokemon card,,,
1232,en-swsh12tg-TG11,swsh12tg-TG11,Altaria,Silver Tempest Trainer Gallery,TG11,30,Holo Rare,Altaria Silver Tempest Trainer Gallery TG11/30 pokemon card,,,
1233,en-swsh12tg-TG12,swsh12tg-TG12,Kricketune V,Silver Tempest Trainer Gallery,TG12,30,Holo Rare V,Kricketune V Silver Tempest Trainer Gallery TG12/30 pokemon card,,,
1234,en-swsh12tg-TG13,swsh12tg-TG13,Serperior V,Silver Tempest Trainer Gallery,TG13,30,Holo Rare V,Serperior V Silver Tempest Trainer Gallery TG13/30 pokemon card,,,
1235,en-swsh12tg-TG14,swsh12tg-TG14,Blaziken V,Silver Tempest Trainer Gallery,TG14,30,Holo Rare V,Blaziken V Silver Tempest Trainer Gallery TG14/30 pokemon card,,,
1236,en-swsh12tg-TG15,swsh12tg-TG15,Blaziken VMAX,Silver Tempest Trainer Gallery,TG15,30,Holo Rare VMAX,Blaziken VMAX Silver Tempest Trainer Gallery TG15/30 pokemon card,,,
1237,en-swsh12tg-TG16,swsh12tg-TG16,Zeraora V,Silver Tempest Trainer Gallery,TG16,30,Holo Rare V,Zeraora V Silver Tempest Trainer Gallery TG16/30 pokemon card,,,
1238,en-swsh12tg-TG17,swsh12tg-TG17,Mawile V,Silver Tempest Trainer Gallery,TG17,30,Holo Rare V,Mawile V Silver Tempest Trainer Gallery TG17/30 pokemon card,,,
1239,en-swsh12tg-TG18,swsh12tg-TG18,Corviknight V,Silver Tempest Trainer Gallery,TG18,30,Holo Rare V,Corviknight V Silver Tempest Trainer Gallery TG18/30 pokemon card,,,
1240,en-swsh12tg-TG19,swsh12tg-TG19,Corviknight VMAX,Silver Tempest Trainer Gallery,TG19,30,Holo Rare VMAX,Corviknight VMAX Silver Tempest Trainer Gallery TG19/30 pokemon card,,,
1241,en-swsh12tg-TG20,swsh12tg-TG20,Rayquaza VMAX,Silver Tempest Trainer Gallery,TG20,30,Holo Rare VMAX,Rayquaza VMAX Silver Tempest Trainer Gallery TG20/30 pokemon card,,,
1242,en-swsh12tg-TG21,swsh12tg-TG21,Duraludon VMAX,Silver Tempest Trainer Gallery,TG21,30,Holo Rare VMAX,Duraludon VMAX Silver Tempest Trainer Gallery TG21/30 pokemon card,,,
1243,en-swsh12tg-TG22,swsh12tg-TG22,Blissey V,Silver Tempest Trainer Gallery,TG22,30,Holo Rare V,Blissey V Silver Tempest Trainer Gallery TG22/30 pokemon card,,,
1244,en-swsh12tg-TG23,swsh12tg-TG23,Friends in Galar,Silver Tempest Trainer Gallery,TG23,30,Full Art Trainer,Friends in Galar Silver Tempest Trainer Gallery TG23/30 pokemon card,,,
1245,en-swsh12tg-TG24,swsh12tg-TG24,Gordie,Silver Tempest Trainer Gallery,TG24,30,Full Art Trainer,Gordie Silver Tempest Trainer Gallery TG24/30 pokemon card,,,
1246,en-swsh12tg-TG25,swsh12tg-TG25,Judge,Silver Tempest Trainer Gallery,TG25,30,Full Art Trainer,Judge Silver Tempest Trainer Gallery TG25/30 pokemon card,,,
1247,en-swsh12tg-TG26,swsh12tg-TG26,Professor Burnet,Silver Tempest Trainer Gallery,TG26,30,Full Art Trainer,Professor Burnet Silver Tempest Trainer Gallery TG26/30 pokemon card,,,
1248,en-swsh12tg-TG27,swsh12tg-TG27,Raihan,Silver Tempest Trainer Gallery,TG27,30,Full Art Trainer,Raihan Silver Tempest Trainer Gallery TG27/30 pokemon card,,,
1249,en-swsh12tg-TG28,swsh12tg-TG28,Sordward & Shielbert,Silver Tempest Trainer Gallery,TG28,30,Full Art Trainer,Sordward & Shielbert Silver Tempest Trainer Gallery TG28/30 pokemon card,,,
1250,en-swsh12tg-TG29,swsh12tg-TG29,Rayquaza VMAX,Silver Tempest Trainer Gallery,TG29,30,Secret Rare,Rayquaza VMAX Silver Tempest Trainer Gallery TG29/30 pokemon card,,,
1251,en-swsh12tg-TG30,swsh12tg-TG30,Duraludon VMAX,Silver Tempest Trainer Gallery,TG30,30,Secret Rare,Duraludon VMAX Silver Tempest Trainer Gallery TG30/30 pokemon card,,,
1252,en-ecard3-H01,ecard3-H01,Alakazam,Skyridge,H01,144,Holo Rare,Alakazam Skyridge H01/144 pokemon card,,,
1253,en-ecard3-H02,ecard3-H02,Arcanine,Skyridge,H02,144,Holo Rare,Arcanine Skyridge H02/144 pokemon card,,,
1254,en-ecard3-H03,ecard3-H03,Articuno,Skyridge,H03,144,Holo Rare,Articuno Skyridge H03/144 pokemon card,,,
1255,en-ecard3-H04,ecard3-H04,Beedrill,Skyridge,H04,144,Holo Rare,Beedrill Skyridge H04/144 pokemon card,,,
1256,en-ecard3-H05,ecard3-H05,Crobat,Skyridge,H05,144,Holo Rare,Crobat Skyridge H05/144 pokemon card,,,
1257,en-ecard3-H06,ecard3-H06,Dewgong,Skyridge,H06,144,Holo Rare,Dewgong Skyridge H06/144 pokemon card,,,
1258,en-ecard3-H07,ecard3-H07,Flareon,Skyridge,H07,144,Holo Rare,Flareon Skyridge H07/144 pokemon card,,,
1259,en-ecard3-H08,ecard3-H08,Forretress,Skyridge,H08,144,Holo Rare,Forretress Skyridge H08/144 pokemon card,,,
1260,en-ecard3-H09,ecard3-H09,Gengar,Skyridge,H09,144,Holo Rare,Gengar Skyridge H09/144 pokemon card,,,
1261,en-ecard3-H10,ecard3-H10,Gyarados,Skyridge,H10,144,Holo Rare,Gyarados Skyridge H10/144 pokemon card,,,
1262,en-ecard3-H11,ecard3-H11,Houndoom,Skyridge,H11,144,Holo Rare,Houndoom Skyridge H11/144 pokemon card,,,
1263,en-ecard3-H12,ecard3-H12,Jolteon,Skyridge,H12,144,Holo Rare,Jolteon Skyridge H12/144 pokemon card,,,
1264,en-ecard3-H13,ecard3-H13,Kabutops,Skyridge,H13,144,Holo Rare,Kabutops Skyridge H13/144 pokemon card,,,
1265,en-ecard3-H14,ecard3-H14,Ledian,Skyridge,H14,144,Holo Rare,Ledian Skyridge H14/144 pokemon card,,,
1266,en-ecard3-H15,ecard3-H15,Machamp,Skyridge,H15,144,Holo Rare,Machamp Skyridge H15/144 pokemon card,,,
1267,en-ecard3-H16,ecard3-H16,Magcargo,Skyridge,H16,144,Holo Rare,Magcargo Skyridge H16/144 pokemon card,,,
1268,en-ecard3-H17,ecard3-H17,Magcargo,Skyridge,H17,144,Holo Rare,Magcargo Skyridge H17/144 pokemon card,,,
1269,en-ecard3-H18,ecard3-H18,Magneton,Skyridge,H18,144,Holo Rare,Magneton Skyridge H18/144 pokemon card,,,
1270,en-ecard3-H19,ecard3-H19,Magneton,Skyridge,H19,144,Holo Rare,Magneton Skyridge H19/144 pokemon card,,,
1271,en-ecard3-H20,ecard3-H20,Moltres,Skyridge,H20,144,Holo Rare,Moltres Skyridge H20/144 pokemon card,,,
1272,en-ecard3-H21,ecard3-H21,Nidoqueen,Skyridge,H21,144,Holo Rare,Nidoqueen Skyridge H21/144 pokemon card,,,
1273,en-ecard3-H22,ecard3-H22,Piloswine,Skyridge,H22,144,Holo Rare,Piloswine Skyridge H22/144 pokemon card,,,
1274,en-ecard3-H23,ecard3-H23,Politoed,Skyridge,H23,144,Holo Rare,Politoed Skyridge H23/144 pokemon card,,,
1275,en-ecard3-H24,ecard3-H24,Poliwrath,Skyridge,H24,144,Holo Rare,Poliwrath Skyridge H24/144 pokemon card,,,
1276,en-ecard3-H25,ecard3-H25,Raichu,Skyridge,H25,144,Holo Rare,Raichu Skyridge H25/144 pokemon card,,,
1277,en-ecard3-H26,ecard3-H26,Raikou,Skyridge,H26,144,Holo Rare,Raikou Skyridge H26/144 pokemon card,,,
1278,en-ecard3-H27,ecard3-H27,Rhydon,Skyridge,H27,144,Holo Rare,Rhydon Skyridge H27/144 pokemon card,,,
1279,en-ecard3-H28,ecard3-H28,Starmie,Skyridge,H28,144,Holo Rare,Starmie Skyridge H28/144 pokemon card,,,
1280,en-ecard3-H29,ecard3-H29,Steelix,Skyridge,H29,144,Holo Rare,Steelix Skyridge H29/144 pokemon card,,,
1281,en-ecard3-H30,ecard3-H30,Umbreon,Skyridge,H30,144,Holo Rare,Umbreon Skyridge H30/144 pokemon card,,,
1282,en-ecard3-H31,ecard3-H31,Vaporeon,Skyridge,H31,144,Holo Rare,Vaporeon Skyridge H31/144 pokemon card,,,
1283,en-ecard3-H32,ecard3-H32,Xatu,Skyridge,H32,144,Holo Rare,Xatu Skyridge H32/144 pokemon card,,,
1284,en-exu-!,exu-!,Unown,Unseen Forces Unown Collection,!,28,Rare,Unown Unseen Forces Unown Collection !/28 pokemon card,,,
1285,en-exu-%3F,exu-%3F,Unown,Unseen Forces Unown Collection,%3F,28,Rare,Unown Unseen Forces Unown Collection %3F/28 pokemon card,,,
1286,en-exu-A,exu-A,Unown,Unseen Forces Unown Collection,A,28,Rare,Unown Unseen Forces Unown Collection A/28 pokemon card,,,
1287,en-exu-B,exu-B,Unown,Unseen Forces Unown Collection,B,28,Rare,Unown Unseen Forces Unown Collection B/28 pokemon card,,,
1288,en-exu-C,exu-C,Unown,Unseen Forces Unown Collection,C,28,Rare,Unown Unseen Forces Unown Collection C/28 pokemon card,,,
1289,en-exu-D,exu-D,Unown,Unseen Forces Unown Collection,D,28,Rare,Unown Unseen Forces Unown Collection D/28 pokemon card,,,
1290,en-exu-E,exu-E,Unown,Unseen Forces Unown Collection,E,28,Rare,Unown Unseen Forces Unown Collection E/28 pokemon card,,,
1291,en-exu-F,exu-F,Unown,Unseen Forces Unown Collection,F,28,Rare,Unown Unseen Forces Unown Collection F/28 pokemon card,,,
1292,en-exu-G,exu-G,Unown,Unseen Forces Unown Collection,G,28,Rare,Unown Unseen Forces Unown Collection G/28 pokemon card,,,
1293,en-exu-H,exu-H,Unown,Unseen Forces Unown Collection,H,28,Rare,Unown Unseen Forces Unown Collection H/28 pokemon card,,,
1294,en-exu-I,exu-I,Unown,Unseen Forces Unown Collection,I,28,Rare,Unown Unseen Forces Unown Collection I/28 pokemon card,,,
1295,en-exu-J,exu-J,Unown,Unseen Forces Unown Collection,J,28,Rare,Unown Unseen Forces Unown Collection J/28 pokemon card,,,
1296,en-exu-K,exu-K,Unown,Unseen Forces Unown Collection,K,28,Rare,Unown Unseen Forces Unown Collection K/28 pokemon card,,,
1297,en-exu-L,exu-L,Unown,Unseen Forces Unown Collection,L,28,Rare,Unown Unseen Forces Unown Collection L/28 pokemon card,,,
1298,en-exu-M,exu-M,Unown,Unseen Forces Unown Collection,M,28,Rare,Unown Unseen Forces Unown Collection M/28 pokemon card,,,
1299,en-exu-N,exu-N,Unown,Unseen Forces Unown Collection,N,28,Rare,Unown Unseen Forces Unown Collection N/28 pokemon card,,,
1300,en-exu-O,exu-O,Unown,Unseen Forces Unown Collection,O,28,Rare,Unown Unseen Forces Unown Collection O/28 pokemon card,,,
1301,en-exu-P,exu-P,Unown,Unseen Forces Unown Collection,P,28,Rare,Unown Unseen Forces Unown Collection P/28 pokemon card,,,
1302,en-exu-Q,exu-Q,Unown,Unseen Forces Unown Collection,Q,28,Rare,Unown Unseen Forces Unown Collection Q/28 pokemon card,,,
1303,en-exu-R,exu-R,Unown,Unseen Forces Unown Collection,R,28,Rare,Unown Unseen Forces Unown Collection R/28 pokemon card,,,
1304,en-exu-S,exu-S,Unown,Unseen Forces Unown Collection,S,28,Rare,Unown Unseen Forces Unown Collection S/28 pokemon card,,,
1305,en-exu-T,exu-T,Unown,Unseen Forces Unown Collection,T,28,Rare,Unown Unseen Forces Unown Collection T/28 pokemon card,,,
1306,en-exu-U,exu-U,Unown,Unseen Forces Unown Collection,U,28,Rare,Unown Unseen Forces Unown Collection U/28 pokemon card,,,
1307,en-exu-V,exu-V,Unown,Unseen Forces Unown Collection,V,28,Rare,Unown Unseen Forces Unown Collection V/28 pokemon card,,,
1308,en-exu-W,exu-W,Unown,Unseen Forces Unown Collection,W,28,Rare,Unown Unseen Forces Unown Collection W/28 pokemon card,,,
1309,en-exu-X,exu-X,Unown,Unseen Forces Unown Collection,X,28,Rare,Unown Unseen Forces Unown Collection X/28 pokemon card,,,
1310,en-exu-Y,exu-Y,Unown,Unseen Forces Unown Collection,Y,28,Rare,Unown Unseen Forces Unown Collection Y/28 pokemon card,,,
1311,en-exu-Z,exu-Z,Unown,Unseen Forces Unown Collection,Z,28,Rare,Unown Unseen Forces Unown Collection Z/28 pokemon card,,,
1312,en-xyp-XY39,xyp-XY39,Kingdra,XY Black Star Promos,XY39,211,Promo,Kingdra XY Black Star Promos XY39/211 pokemon card,,,
1313,en-xyp-XY46,xyp-XY46,Altaria,XY Black Star Promos,XY46,211,Promo,Altaria XY Black Star Promos XY46/211 pokemon card,,,
1314,en-xyp-XY68,xyp-XY68,Chesnaught,XY Black Star Promos,XY68,211,Promo,Chesnaught XY Black Star Promos XY68/211 pokemon card,,,
1315,en-tk-xy-b-1,tk-xy-b-1,Fletchling,XY trainer Kit (Bisharp),1,30,Common,Fletchling XY trainer Kit (Bisharp) 1/30 pokemon card,,,
1316,en-tk-xy-b-10,tk-xy-b-10,Metal Energy,XY trainer Kit (Bisharp),10,30,Common,Metal Energy XY trainer Kit (Bisharp) 10/30 pokemon card,,,
1317,en-tk-xy-b-11,tk-xy-b-11,Honedge,XY trainer Kit (Bisharp),11,30,Common,Honedge XY trainer Kit (Bisharp) 11/30 pokemon card,,,
1318,en-tk-xy-b-12,tk-xy-b-12,Bidoof,XY trainer Kit (Bisharp),12,30,Common,Bidoof XY trainer Kit (Bisharp) 12/30 pokemon card,,,
1319,en-tk-xy-b-13,tk-xy-b-13,Pawniard,XY trainer Kit (Bisharp),13,30,Common,Pawniard XY trainer Kit (Bisharp) 13/30 pokemon card,,,
1320,en-tk-xy-b-14,tk-xy-b-14,Doublade,XY trainer Kit (Bisharp),14,30,Uncommon,Doublade XY trainer Kit (Bisharp) 14/30 pokemon card,,,
1321,en-tk-xy-b-15,tk-xy-b-15,Slakoth,XY trainer Kit (Bisharp),15,30,Common,Slakoth XY trainer Kit (Bisharp) 15/30 pokemon card,,,
1322,en-tk-xy-b-16,tk-xy-b-16,Bisharp,XY trainer Kit (Bisharp),16,30,Rare,Bisharp XY trainer Kit (Bisharp) 16/30 pokemon card,,,
1323,en-tk-xy-b-17,tk-xy-b-17,Patrat,XY trainer Kit (Bisharp),17,30,Common,Patrat XY trainer Kit (Bisharp) 17/30 pokemon card,,,
1324,en-tk-xy-b-18,tk-xy-b-18,Metal Energy,XY trainer Kit (Bisharp),18,30,Common,Metal Energy XY trainer Kit (Bisharp) 18/30 pokemon card,,,
1325,en-tk-xy-b-19,tk-xy-b-19,Tierno,XY trainer Kit (Bisharp),19,30,Uncommon,Tierno XY trainer Kit (Bisharp) 19/30 pokemon card,,,
1326,en-tk-xy-b-2,tk-xy-b-2,Metal Energy,XY trainer Kit (Bisharp),2,30,Common,Metal Energy XY trainer Kit (Bisharp) 2/30 pokemon card,,,
1327,en-tk-xy-b-20,tk-xy-b-20,Trevor,XY trainer Kit (Bisharp),20,30,Uncommon,Trevor XY trainer Kit (Bisharp) 20/30 pokemon card,,,
1328,en-tk-xy-b-21,tk-xy-b-21,Pawniard,XY trainer Kit (Bisharp),21,30,Common,Pawniard XY trainer Kit (Bisharp) 21/30 pokemon card,,,
1329,en-tk-xy-b-22,tk-xy-b-22,Metal Energy,XY trainer Kit (Bisharp),22,30,Common,Metal Energy XY trainer Kit (Bisharp) 22/30 pokemon card,,,
1330,en-tk-xy-b-23,tk-xy-b-23,Doublade,XY trainer Kit (Bisharp),23,30,Uncommon,Doublade XY trainer Kit (Bisharp) 23/30 pokemon card,,,
1331,en-tk-xy-b-24,tk-xy-b-24,Metal Energy,XY trainer Kit (Bisharp),24,30,Common,Metal Energy XY trainer Kit (Bisharp) 24/30 pokemon card,,,
1332,en-tk-xy-b-25,tk-xy-b-25,Potion,XY trainer Kit (Bisharp),25,30,Common,Potion XY trainer Kit (Bisharp) 25/30 pokemon card,,,
1333,en-tk-xy-b-26,tk-xy-b-26,Slakoth,XY trainer Kit (Bisharp),26,30,Common,Slakoth XY trainer Kit (Bisharp) 26/30 pokemon card,,,
1334,en-tk-xy-b-27,tk-xy-b-27,Honedge,XY trainer Kit (Bisharp),27,30,Common,Honedge XY trainer Kit (Bisharp) 27/30 pokemon card,,,
1335,en-tk-xy-b-28,tk-xy-b-28,Vigoroth,XY trainer Kit (Bisharp),28,30,Uncommon,Vigoroth XY trainer Kit (Bisharp) 28/30 pokemon card,,,
1336,en-tk-xy-b-29,tk-xy-b-29,Potion,XY trainer Kit (Bisharp),29,30,Common,Potion XY trainer Kit (Bisharp) 29/30 pokemon card,,,
1337,en-tk-xy-b-3,tk-xy-b-3,Metal Energy,XY trainer Kit (Bisharp),3,30,Common,Metal Energy XY trainer Kit (Bisharp) 3/30 pokemon card,,,
1338,en-tk-xy-b-30,tk-xy-b-30,Bisharp,XY trainer Kit (Bisharp),30,30,Rare,Bisharp XY trainer Kit (Bisharp) 30/30 pokemon card,,,
1339,en-tk-xy-b-4,tk-xy-b-4,Vigoroth,XY trainer Kit (Bisharp),4,30,Uncommon,Vigoroth XY trainer Kit (Bisharp) 4/30 pokemon card,,,
1340,en-tk-xy-b-5,tk-xy-b-5,Metal Energy,XY trainer Kit (Bisharp),5,30,Common,Metal Energy XY trainer Kit (Bisharp) 5/30 pokemon card,,,
1341,en-tk-xy-b-6,tk-xy-b-6,Metal Energy,XY trainer Kit (Bisharp),6,30,Common,Metal Energy XY trainer Kit (Bisharp) 6/30 pokemon card,,,
1342,en-tk-xy-b-7,tk-xy-b-7,Metal Energy,XY trainer Kit (Bisharp),7,30,Common,Metal Energy XY trainer Kit (Bisharp) 7/30 pokemon card,,,
1343,en-tk-xy-b-8,tk-xy-b-8,Metal Energy,XY trainer Kit (Bisharp),8,30,Common,Metal Energy XY trainer Kit (Bisharp) 8/30 pokemon card,,,
1344,en-tk-xy-b-9,tk-xy-b-9,Metal Energy,XY trainer Kit (Bisharp),9,30,Common,Metal Energy XY trainer Kit (Bisharp) 9/30 pokemon card,,,
1345,en-tk-xy-latia-1,tk-xy-latia-1,Grass Energy,XY trainer Kit (Latias),1,30,Common,Grass Energy XY trainer Kit (Latias) 1/30 pokemon card,,,
1346,en-tk-xy-latia-10,tk-xy-latia-10,Psychic Energy,XY trainer Kit (Latias),10,30,Common,Psychic Energy XY trainer Kit (Latias) 10/30 pokemon card,,,
1347,en-tk-xy-latia-11,tk-xy-latia-11,Lotad,XY trainer Kit (Latias),11,30,Common,Lotad XY trainer Kit (Latias) 11/30 pokemon card,,,
1348,en-tk-xy-latia-12,tk-xy-latia-12,Tangrowth,XY trainer Kit (Latias),12,30,Rare,Tangrowth XY trainer Kit (Latias) 12/30 pokemon card,,,
1349,en-tk-xy-latia-13,tk-xy-latia-13,Tangela,XY trainer Kit (Latias),13,30,Common,Tangela XY trainer Kit (Latias) 13/30 pokemon card,,,
1350,en-tk-xy-latia-14,tk-xy-latia-14,Latias,XY trainer Kit (Latias),14,30,None,Latias XY trainer Kit (Latias) 14/30 pokemon card,,,
1351,en-tk-xy-latia-15,tk-xy-latia-15,Potion,XY trainer Kit (Latias),15,30,Common,Potion XY trainer Kit (Latias) 15/30 pokemon card,,,
1352,en-tk-xy-latia-16,tk-xy-latia-16,Surskit,XY trainer Kit (Latias),16,30,Common,Surskit XY trainer Kit (Latias) 16/30 pokemon card,,,
1353,en-tk-xy-latia-17,tk-xy-latia-17,Psychic Energy,XY trainer Kit (Latias),17,30,Common,Psychic Energy XY trainer Kit (Latias) 17/30 pokemon card,,,
1354,en-tk-xy-latia-18,tk-xy-latia-18,Grovyle,XY trainer Kit (Latias),18,30,Uncommon,Grovyle XY trainer Kit (Latias) 18/30 pokemon card,,,
1355,en-tk-xy-latia-19,tk-xy-latia-19,Grass Energy,XY trainer Kit (Latias),19,30,Common,Grass Energy XY trainer Kit (Latias) 19/30 pokemon card,,,
1356,en-tk-xy-latia-2,tk-xy-latia-2,Grass Energy,XY trainer Kit (Latias),2,30,Common,Grass Energy XY trainer Kit (Latias) 2/30 pokemon card,,,
1357,en-tk-xy-latia-20,tk-xy-latia-20,Acro Bike,XY trainer Kit (Latias),20,30,Uncommon,Acro Bike XY trainer Kit (Latias) 20/30 pokemon card,,,
1358,en-tk-xy-latia-21,tk-xy-latia-21,Lombre,XY trainer Kit (Latias),21,30,Uncommon,Lombre XY trainer Kit (Latias) 21/30 pokemon card,,,
1359,en-tk-xy-latia-22,tk-xy-latia-22,Psychic Energy,XY trainer Kit (Latias),22,30,Common,Psychic Energy XY trainer Kit (Latias) 22/30 pokemon card,,,
1360,en-tk-xy-latia-23,tk-xy-latia-23,Lotad,XY trainer Kit (Latias),23,30,Common,Lotad XY trainer Kit (Latias) 23/30 pokemon card,,,
1361,en-tk-xy-latia-24,tk-xy-latia-24,Treecko,XY trainer Kit (Latias),24,30,Common,Treecko XY trainer Kit (Latias) 24/30 pokemon card,,,
1362,en-tk-xy-latia-25,tk-xy-latia-25,Tangrowth,XY trainer Kit (Latias),25,30,Rare,Tangrowth XY trainer Kit (Latias) 25/30 pokemon card,,,
1363,en-tk-xy-latia-26,tk-xy-latia-26,Tangela,XY trainer Kit (Latias),26,30,Common,Tangela XY trainer Kit (Latias) 26/30 pokemon card,,,
1364,en-tk-xy-latia-27,tk-xy-latia-27,Grovyle,XY trainer Kit (Latias),27,30,Uncommon,Grovyle XY trainer Kit (Latias) 27/30 pokemon card,,,
1365,en-tk-xy-latia-28,tk-xy-latia-28,Psychic Energy,XY trainer Kit (Latias),28,30,Common,Psychic Energy XY trainer Kit (Latias) 28/30 pokemon card,,,
1366,en-tk-xy-latia-29,tk-xy-latia-29,Acro Bike,XY trainer Kit (Latias),29,30,Uncommon,Acro Bike XY trainer Kit (Latias) 29/30 pokemon card,,,
1367,en-tk-xy-latia-3,tk-xy-latia-3,Grass Energy,XY trainer Kit (Latias),3,30,Common,Grass Energy XY trainer Kit (Latias) 3/30 pokemon card,,,
1368,en-tk-xy-latia-30,tk-xy-latia-30,Latias,XY trainer Kit (Latias),30,30,None,Latias XY trainer Kit (Latias) 30/30 pokemon card,,,
1369,en-tk-xy-latia-4,tk-xy-latia-4,Fletchling,XY trainer Kit (Latias),4,30,None,Fletchling XY trainer Kit (Latias) 4/30 pokemon card,,,
1370,en-tk-xy-latia-5,tk-xy-latia-5,Grass Energy,XY trainer Kit (Latias),5,30,Common,Grass Energy XY trainer Kit (Latias) 5/30 pokemon card,,,
1371,en-tk-xy-latia-6,tk-xy-latia-6,Lombre,XY trainer Kit (Latias),6,30,Uncommon,Lombre XY trainer Kit (Latias) 6/30 pokemon card,,,
1372,en-tk-xy-latia-7,tk-xy-latia-7,Treecko,XY trainer Kit (Latias),7,30,Common,Treecko XY trainer Kit (Latias) 7/30 pokemon card,,,
1373,en-tk-xy-latia-8,tk-xy-latia-8,Psychic Energy,XY trainer Kit (Latias),8,30,Common,Psychic Energy XY trainer Kit (Latias) 8/30 pokemon card,,,
1374,en-tk-xy-latia-9,tk-xy-latia-9,Psychic Energy,XY trainer Kit (Latias),9,30,Common,Psychic Energy XY trainer Kit (Latias) 9/30 pokemon card,,,
1375,en-tk-xy-latio-1,tk-xy-latio-1,Skitty,XY trainer Kit (Latios),1,30,Common,Skitty XY trainer Kit (Latios) 1/30 pokemon card,,,
1376,en-tk-xy-latio-10,tk-xy-latio-10,Fighting Energy,XY trainer Kit (Latios),10,30,Common,Fighting Energy XY trainer Kit (Latios) 10/30 pokemon card,,,
1377,en-tk-xy-latio-11,tk-xy-latio-11,Machop,XY trainer Kit (Latios),11,30,Common,Machop XY trainer Kit (Latios) 11/30 pokemon card,,,
1378,en-tk-xy-latio-12,tk-xy-latio-12,Solrock,XY trainer Kit (Latios),12,30,Common,Solrock XY trainer Kit (Latios) 12/30 pokemon card,,,
1379,en-tk-xy-latio-13,tk-xy-latio-13,Latios,XY trainer Kit (Latios),13,30,None,Latios XY trainer Kit (Latios) 13/30 pokemon card,,,
1380,en-tk-xy-latio-14,tk-xy-latio-14,Machoke,XY trainer Kit (Latios),14,30,Uncommon,Machoke XY trainer Kit (Latios) 14/30 pokemon card,,,
1381,en-tk-xy-latio-15,tk-xy-latio-15,Rhyhorn,XY trainer Kit (Latios),15,30,Common,Rhyhorn XY trainer Kit (Latios) 15/30 pokemon card,,,
1382,en-tk-xy-latio-16,tk-xy-latio-16,Psychic Energy,XY trainer Kit (Latios),16,30,Common,Psychic Energy XY trainer Kit (Latios) 16/30 pokemon card,,,
1383,en-tk-xy-latio-17,tk-xy-latio-17,Fighting Energy,XY trainer Kit (Latios),17,30,Common,Fighting Energy XY trainer Kit (Latios) 17/30 pokemon card,,,
1384,en-tk-xy-latio-18,tk-xy-latio-18,Psychic Energy,XY trainer Kit (Latios),18,30,Common,Psychic Energy XY trainer Kit (Latios) 18/30 pokemon card,,,
1385,en-tk-xy-latio-19,tk-xy-latio-19,Delcatty,XY trainer Kit (Latios),19,30,Rare,Delcatty XY trainer Kit (Latios) 19/30 pokemon card,,,
1386,en-tk-xy-latio-2,tk-xy-latio-2,Fighting Energy,XY trainer Kit (Latios),2,30,Common,Fighting Energy XY trainer Kit (Latios) 2/30 pokemon card,,,
1387,en-tk-xy-latio-20,tk-xy-latio-20,Acro Bike,XY trainer Kit (Latios),20,30,Uncommon,Acro Bike XY trainer Kit (Latios) 20/30 pokemon card,,,
1388,en-tk-xy-latio-21,tk-xy-latio-21,Potion,XY trainer Kit (Latios),21,30,Common,Potion XY trainer Kit (Latios) 21/30 pokemon card,,,
1389,en-tk-xy-latio-22,tk-xy-latio-22,Machoke,XY trainer Kit (Latios),22,30,Uncommon,Machoke XY trainer Kit (Latios) 22/30 pokemon card,,,
1390,en-tk-xy-latio-23,tk-xy-latio-23,Rhyhorn,XY trainer Kit (Latios),23,30,Common,Rhyhorn XY trainer Kit (Latios) 23/30 pokemon card,,,
1391,en-tk-xy-latio-24,tk-xy-latio-24,Delcatty,XY trainer Kit (Latios),24,30,Rare,Delcatty XY trainer Kit (Latios) 24/30 pokemon card,,,
1392,en-tk-xy-latio-25,tk-xy-latio-25,Rhydon,XY trainer Kit (Latios),25,30,Uncommon,Rhydon XY trainer Kit (Latios) 25/30 pokemon card,,,
1393,en-tk-xy-latio-26,tk-xy-latio-26,Solrock,XY trainer Kit (Latios),26,30,Common,Solrock XY trainer Kit (Latios) 26/30 pokemon card,,,
1394,en-tk-xy-latio-27,tk-xy-latio-27,Skitty,XY trainer Kit (Latios),27,30,Common,Skitty XY trainer Kit (Latios) 27/30 pokemon card,,,
1395,en-tk-xy-latio-28,tk-xy-latio-28,Machop,XY trainer Kit (Latios),28,30,Common,Machop XY trainer Kit (Latios) 28/30 pokemon card,,,
1396,en-tk-xy-latio-29,tk-xy-latio-29,Psychic Energy,XY trainer Kit (Latios),29,30,Common,Psychic Energy XY trainer Kit (Latios) 29/30 pokemon card,,,
1397,en-tk-xy-latio-3,tk-xy-latio-3,Fighting Energy,XY trainer Kit (Latios),3,30,Common,Fighting Energy XY trainer Kit (Latios) 3/30 pokemon card,,,
1398,en-tk-xy-latio-30,tk-xy-latio-30,Latios,XY trainer Kit (Latios),30,30,None,Latios XY trainer Kit (Latios) 30/30 pokemon card,,,
1399,en-tk-xy-latio-4,tk-xy-latio-4,Rhydon,XY trainer Kit (Latios),4,30,Uncommon,Rhydon XY trainer Kit (Latios) 4/30 pokemon card,,,
1400,en-tk-xy-latio-5,tk-xy-latio-5,Fighting Energy,XY trainer Kit (Latios),5,30,Common,Fighting Energy XY trainer Kit (Latios) 5/30 pokemon card,,,
1401,en-tk-xy-latio-6,tk-xy-latio-6,Fighting Energy,XY trainer Kit (Latios),6,30,Common,Fighting Energy XY trainer Kit (Latios) 6/30 pokemon card,,,
1402,en-tk-xy-latio-7,tk-xy-latio-7,Fighting Energy,XY trainer Kit (Latios),7,30,Common,Fighting Energy XY trainer Kit (Latios) 7/30 pokemon card,,,
1403,en-tk-xy-latio-8,tk-xy-latio-8,Fighting Energy,XY trainer Kit (Latios),8,30,Common,Fighting Energy XY trainer Kit (Latios) 8/30 pokemon card,,,
1404,en-tk-xy-latio-9,tk-xy-latio-9,Fighting Energy,XY trainer Kit (Latios),9,30,Common,Fighting Energy XY trainer Kit (Latios) 9/30 pokemon card,,,
1405,en-tk-xy-n-1,tk-xy-n-1,Spoink,XY trainer Kit (Noivern),1,30,Common,Spoink XY trainer Kit (Noivern) 1/30 pokemon card,,,
1406,en-tk-xy-n-10,tk-xy-n-10,Psychic Energy,XY trainer Kit (Noivern),10,30,Common,Psychic Energy XY trainer Kit (Noivern) 10/30 pokemon card,,,
1407,en-tk-xy-n-11,tk-xy-n-11,Pumpkaboo,XY trainer Kit (Noivern),11,30,Common,Pumpkaboo XY trainer Kit (Noivern) 11/30 pokemon card,,,
1408,en-tk-xy-n-12,tk-xy-n-12,Noibat,XY trainer Kit (Noivern),12,30,Common,Noibat XY trainer Kit (Noivern) 12/30 pokemon card,,,
1409,en-tk-xy-n-13,tk-xy-n-13,Noivern,XY trainer Kit (Noivern),13,30,None,Noivern XY trainer Kit (Noivern) 13/30 pokemon card,,,
1410,en-tk-xy-n-14,tk-xy-n-14,Pokémon Catcher,XY trainer Kit (Noivern),14,30,Uncommon,Pokémon Catcher XY trainer Kit (Noivern) 14/30 pokemon card,,,
1411,en-tk-xy-n-15,tk-xy-n-15,Potion,XY trainer Kit (Noivern),15,30,Common,Potion XY trainer Kit (Noivern) 15/30 pokemon card,,,
1412,en-tk-xy-n-16,tk-xy-n-16,Ekans,XY trainer Kit (Noivern),16,30,Common,Ekans XY trainer Kit (Noivern) 16/30 pokemon card,,,
1413,en-tk-xy-n-17,tk-xy-n-17,Psychic Energy,XY trainer Kit (Noivern),17,30,Common,Psychic Energy XY trainer Kit (Noivern) 17/30 pokemon card,,,
1414,en-tk-xy-n-18,tk-xy-n-18,Pumpkaboo,XY trainer Kit (Noivern),18,30,Common,Pumpkaboo XY trainer Kit (Noivern) 18/30 pokemon card,,,
1415,en-tk-xy-n-19,tk-xy-n-19,Darkness Energy,XY trainer Kit (Noivern),19,30,Common,Darkness Energy XY trainer Kit (Noivern) 19/30 pokemon card,,,
1416,en-tk-xy-n-2,tk-xy-n-2,Gourgeist,XY trainer Kit (Noivern),2,30,Rare,Gourgeist XY trainer Kit (Noivern) 2/30 pokemon card,,,
1417,en-tk-xy-n-20,tk-xy-n-20,Furfrou,XY trainer Kit (Noivern),20,30,Common,Furfrou XY trainer Kit (Noivern) 20/30 pokemon card,,,
1418,en-tk-xy-n-21,tk-xy-n-21,Poké Ball,XY trainer Kit (Noivern),21,30,Uncommon,Poké Ball XY trainer Kit (Noivern) 21/30 pokemon card,,,
1419,en-tk-xy-n-22,tk-xy-n-22,Darkness Energy,XY trainer Kit (Noivern),22,30,Common,Darkness Energy XY trainer Kit (Noivern) 22/30 pokemon card,,,
1420,en-tk-xy-n-23,tk-xy-n-23,Noibat,XY trainer Kit (Noivern),23,30,Common,Noibat XY trainer Kit (Noivern) 23/30 pokemon card,,,
1421,en-tk-xy-n-24,tk-xy-n-24,Professor’s Letter,XY trainer Kit (Noivern),24,30,Uncommon,Professor’s Letter XY trainer Kit (Noivern) 24/30 pokemon card,,,
1422,en-tk-xy-n-25,tk-xy-n-25,Psychic Energy,XY trainer Kit (Noivern),25,30,Common,Psychic Energy XY trainer Kit (Noivern) 25/30 pokemon card,,,
1423,en-tk-xy-n-26,tk-xy-n-26,Darkness Energy,XY trainer Kit (Noivern),26,30,Common,Darkness Energy XY trainer Kit (Noivern) 26/30 pokemon card,,,
1424,en-tk-xy-n-27,tk-xy-n-27,Potion,XY trainer Kit (Noivern),27,30,Common,Potion XY trainer Kit (Noivern) 27/30 pokemon card,,,
1425,en-tk-xy-n-28,tk-xy-n-28,Darkness Energy,XY trainer Kit (Noivern),28,30,Common,Darkness Energy XY trainer Kit (Noivern) 28/30 pokemon card,,,
1426,en-tk-xy-n-29,tk-xy-n-29,Switch,XY trainer Kit (Noivern),29,30,Common,Switch XY trainer Kit (Noivern) 29/30 pokemon card,,,
1427,en-tk-xy-n-3,tk-xy-n-3,Arbok,XY trainer Kit (Noivern),3,30,Rare,Arbok XY trainer Kit (Noivern) 3/30 pokemon card,,,
1428,en-tk-xy-n-30,tk-xy-n-30,Noivern,XY trainer Kit (Noivern),30,30,None,Noivern XY trainer Kit (Noivern) 30/30 pokemon card,,,
1429,en-tk-xy-n-4,tk-xy-n-4,Bunnelby,XY trainer Kit (Noivern),4,30,Common,Bunnelby XY trainer Kit (Noivern) 4/30 pokemon card,,,
1430,en-tk-xy-n-5,tk-xy-n-5,Psychic Energy,XY trainer Kit (Noivern),5,30,Common,Psychic Energy XY trainer Kit (Noivern) 5/30 pokemon card,,,
1431,en-tk-xy-n-6,tk-xy-n-6,Psychic Energy,XY trainer Kit (Noivern),6,30,Common,Psychic Energy XY trainer Kit (Noivern) 6/30 pokemon card,,,
1432,en-tk-xy-n-7,tk-xy-n-7,Psychic Energy,XY trainer Kit (Noivern),7,30,Common,Psychic Energy XY trainer Kit (Noivern) 7/30 pokemon card,,,
1433,en-tk-xy-n-8,tk-xy-n-8,Psychic Energy,XY trainer Kit (Noivern),8,30,Common,Psychic Energy XY trainer Kit (Noivern) 8/30 pokemon card,,,
1434,en-tk-xy-n-9,tk-xy-n-9,Psychic Energy,XY trainer Kit (Noivern),9,30,Common,Psychic Energy XY trainer Kit (Noivern) 9/30 pokemon card,,,
1435,en-tk-xy-p-1,tk-xy-p-1,Glameow,XY trainer Kit (Pikachu Libre),1,30,Common,Glameow XY trainer Kit (Pikachu Libre) 1/30 pokemon card,,,
1436,en-tk-xy-p-10,tk-xy-p-10,Lightning Energy,XY trainer Kit (Pikachu Libre),10,30,Common,Lightning Energy XY trainer Kit (Pikachu Libre) 10/30 pokemon card,,,
1437,en-tk-xy-p-11,tk-xy-p-11,Electrike,XY trainer Kit (Pikachu Libre),11,30,None,Electrike XY trainer Kit (Pikachu Libre) 11/30 pokemon card,,,
1438,en-tk-xy-p-12,tk-xy-p-12,Blitzle,XY trainer Kit (Pikachu Libre),12,30,Common,Blitzle XY trainer Kit (Pikachu Libre) 12/30 pokemon card,,,
1439,en-tk-xy-p-13,tk-xy-p-13,Manectric,XY trainer Kit (Pikachu Libre),13,30,None,Manectric XY trainer Kit (Pikachu Libre) 13/30 pokemon card,,,
1440,en-tk-xy-p-14,tk-xy-p-14,Pikachu Libre,XY trainer Kit (Pikachu Libre),14,30,None,Pikachu Libre XY trainer Kit (Pikachu Libre) 14/30 pokemon card,,,
1441,en-tk-xy-p-15,tk-xy-p-15,Electabuzz,XY trainer Kit (Pikachu Libre),15,30,Common,Electabuzz XY trainer Kit (Pikachu Libre) 15/30 pokemon card,,,
1442,en-tk-xy-p-16,tk-xy-p-16,Fletchling,XY trainer Kit (Pikachu Libre),16,30,None,Fletchling XY trainer Kit (Pikachu Libre) 16/30 pokemon card,,,
1443,en-tk-xy-p-17,tk-xy-p-17,Lightning Energy,XY trainer Kit (Pikachu Libre),17,30,Common,Lightning Energy XY trainer Kit (Pikachu Libre) 17/30 pokemon card,,,
1444,en-tk-xy-p-18,tk-xy-p-18,Lightning Energy,XY trainer Kit (Pikachu Libre),18,30,Common,Lightning Energy XY trainer Kit (Pikachu Libre) 18/30 pokemon card,,,
1445,en-tk-xy-p-19,tk-xy-p-19,Purugly,XY trainer Kit (Pikachu Libre),19,30,Uncommon,Purugly XY trainer Kit (Pikachu Libre) 19/30 pokemon card,,,
1446,en-tk-xy-p-2,tk-xy-p-2,Lightning Energy,XY trainer Kit (Pikachu Libre),2,30,Common,Lightning Energy XY trainer Kit (Pikachu Libre) 2/30 pokemon card,,,
1447,en-tk-xy-p-20,tk-xy-p-20,Tierno,XY trainer Kit (Pikachu Libre),20,30,Uncommon,Tierno XY trainer Kit (Pikachu Libre) 20/30 pokemon card,,,
1448,en-tk-xy-p-21,tk-xy-p-21,Potion,XY trainer Kit (Pikachu Libre),21,30,Uncommon,Potion XY trainer Kit (Pikachu Libre) 21/30 pokemon card,,,
1449,en-tk-xy-p-22,tk-xy-p-22,Manectric,XY trainer Kit (Pikachu Libre),22,30,None,Manectric XY trainer Kit (Pikachu Libre) 22/30 pokemon card,,,
1450,en-tk-xy-p-23,tk-xy-p-23,Electabuzz,XY trainer Kit (Pikachu Libre),23,30,Common,Electabuzz XY trainer Kit (Pikachu Libre) 23/30 pokemon card,,,
1451,en-tk-xy-p-24,tk-xy-p-24,Purugly,XY trainer Kit (Pikachu Libre),24,30,Uncommon,Purugly XY trainer Kit (Pikachu Libre) 24/30 pokemon card,,,
1452,en-tk-xy-p-25,tk-xy-p-25,Electivire,XY trainer Kit (Pikachu Libre),25,30,Uncommon,Electivire XY trainer Kit (Pikachu Libre) 25/30 pokemon card,,,
1453,en-tk-xy-p-26,tk-xy-p-26,Blitzle,XY trainer Kit (Pikachu Libre),26,30,Common,Blitzle XY trainer Kit (Pikachu Libre) 26/30 pokemon card,,,
1454,en-tk-xy-p-27,tk-xy-p-27,Glameow,XY trainer Kit (Pikachu Libre),27,30,Common,Glameow XY trainer Kit (Pikachu Libre) 27/30 pokemon card,,,
1455,en-tk-xy-p-28,tk-xy-p-28,Electrike,XY trainer Kit (Pikachu Libre),28,30,None,Electrike XY trainer Kit (Pikachu Libre) 28/30 pokemon card,,,
1456,en-tk-xy-p-29,tk-xy-p-29,Lightning Energy,XY trainer Kit (Pikachu Libre),29,30,Common,Lightning Energy XY trainer Kit (Pikachu Libre) 29/30 pokemon card,,,
1457,en-tk-xy-p-3,tk-xy-p-3,Lightning Energy,XY trainer Kit (Pikachu Libre),3,30,Common,Lightning Energy XY trainer Kit (Pikachu Libre) 3/30 pokemon card,,,
1458,en-tk-xy-p-30,tk-xy-p-30,Pikachu Libre,XY trainer Kit (Pikachu Libre),30,30,None,Pikachu Libre XY trainer Kit (Pikachu Libre) 30/30 pokemon card,,,
1459,en-tk-xy-p-4,tk-xy-p-4,Electivire,XY trainer Kit (Pikachu Libre),4,30,Uncommon,Electivire XY trainer Kit (Pikachu Libre) 4/30 pokemon card,,,
1460,en-tk-xy-p-5,tk-xy-p-5,Lightning Energy,XY trainer Kit (Pikachu Libre),5,30,Common,Lightning Energy XY trainer Kit (Pikachu Libre) 5/30 pokemon card,,,
1461,en-tk-xy-p-6,tk-xy-p-6,Lightning Energy,XY trainer Kit (Pikachu Libre),6,30,Common,Lightning Energy XY trainer Kit (Pikachu Libre) 6/30 pokemon card,,,
1462,en-tk-xy-p-7,tk-xy-p-7,Taillow,XY trainer Kit (Pikachu Libre),7,30,None,Taillow XY trainer Kit (Pikachu Libre) 7/30 pokemon card,,,
1463,en-tk-xy-p-8,tk-xy-p-8,Lightning Energy,XY trainer Kit (Pikachu Libre),8,30,Common,Lightning Energy XY trainer Kit (Pikachu Libre) 8/30 pokemon card,,,
1464,en-tk-xy-p-9,tk-xy-p-9,Lightning Energy,XY trainer Kit (Pikachu Libre),9,30,Common,Lightning Energy XY trainer Kit (Pikachu Libre) 9/30 pokemon card,,,
1465,en-tk-xy-su-1,tk-xy-su-1,Water Energy,XY trainer Kit (Suicune),1,30,Common,Water Energy XY trainer Kit (Suicune) 1/30 pokemon card,,,
1466,en-tk-xy-su-10,tk-xy-su-10,Water Energy,XY trainer Kit (Suicune),10,30,Common,Water Energy XY trainer Kit (Suicune) 10/30 pokemon card,,,
1467,en-tk-xy-su-11,tk-xy-su-11,Froakie,XY trainer Kit (Suicune),11,30,Common,Froakie XY trainer Kit (Suicune) 11/30 pokemon card,,,
1468,en-tk-xy-su-12,tk-xy-su-12,Seaking,XY trainer Kit (Suicune),12,30,Uncommon,Seaking XY trainer Kit (Suicune) 12/30 pokemon card,,,
1469,en-tk-xy-su-13,tk-xy-su-13,Goldeen,XY trainer Kit (Suicune),13,30,Common,Goldeen XY trainer Kit (Suicune) 13/30 pokemon card,,,
1470,en-tk-xy-su-14,tk-xy-su-14,Suicune,XY trainer Kit (Suicune),14,30,None,Suicune XY trainer Kit (Suicune) 14/30 pokemon card,,,
1471,en-tk-xy-su-15,tk-xy-su-15,Potion,XY trainer Kit (Suicune),15,30,Uncommon,Potion XY trainer Kit (Suicune) 15/30 pokemon card,,,
1472,en-tk-xy-su-16,tk-xy-su-16,Piplup,XY trainer Kit (Suicune),16,30,Common,Piplup XY trainer Kit (Suicune) 16/30 pokemon card,,,
1473,en-tk-xy-su-17,tk-xy-su-17,Water Energy,XY trainer Kit (Suicune),17,30,Common,Water Energy XY trainer Kit (Suicune) 17/30 pokemon card,,,
1474,en-tk-xy-su-18,tk-xy-su-18,Swanna,XY trainer Kit (Suicune),18,30,Uncommon,Swanna XY trainer Kit (Suicune) 18/30 pokemon card,,,
1475,en-tk-xy-su-19,tk-xy-su-19,Water Energy,XY trainer Kit (Suicune),19,30,Common,Water Energy XY trainer Kit (Suicune) 19/30 pokemon card,,,
1476,en-tk-xy-su-2,tk-xy-su-2,Water Energy,XY trainer Kit (Suicune),2,30,Common,Water Energy XY trainer Kit (Suicune) 2/30 pokemon card,,,
1477,en-tk-xy-su-20,tk-xy-su-20,Tierno,XY trainer Kit (Suicune),20,30,Uncommon,Tierno XY trainer Kit (Suicune) 20/30 pokemon card,,,
1478,en-tk-xy-su-21,tk-xy-su-21,Frogadier,XY trainer Kit (Suicune),21,30,Uncommon,Frogadier XY trainer Kit (Suicune) 21/30 pokemon card,,,
1479,en-tk-xy-su-22,tk-xy-su-22,Water Energy,XY trainer Kit (Suicune),22,30,Common,Water Energy XY trainer Kit (Suicune) 22/30 pokemon card,,,
1480,en-tk-xy-su-23,tk-xy-su-23,Froakie,XY trainer Kit (Suicune),23,30,Common,Froakie XY trainer Kit (Suicune) 23/30 pokemon card,,,
1481,en-tk-xy-su-24,tk-xy-su-24,Ducklett,XY trainer Kit (Suicune),24,30,Common,Ducklett XY trainer Kit (Suicune) 24/30 pokemon card,,,
1482,en-tk-xy-su-25,tk-xy-su-25,Seaking,XY trainer Kit (Suicune),25,30,Uncommon,Seaking XY trainer Kit (Suicune) 25/30 pokemon card,,,
1483,en-tk-xy-su-26,tk-xy-su-26,Goldeen,XY trainer Kit (Suicune),26,30,Common,Goldeen XY trainer Kit (Suicune) 26/30 pokemon card,,,
1484,en-tk-xy-su-27,tk-xy-su-27,Swanna,XY trainer Kit (Suicune),27,30,Uncommon,Swanna XY trainer Kit (Suicune) 27/30 pokemon card,,,
1485,en-tk-xy-su-28,tk-xy-su-28,Water Energy,XY trainer Kit (Suicune),28,30,Common,Water Energy XY trainer Kit (Suicune) 28/30 pokemon card,,,
1486,en-tk-xy-su-29,tk-xy-su-29,Tierno,XY trainer Kit (Suicune),29,30,Uncommon,Tierno XY trainer Kit (Suicune) 29/30 pokemon card,,,
1487,en-tk-xy-su-3,tk-xy-su-3,Water Energy,XY trainer Kit (Suicune),3,30,Common,Water Energy XY trainer Kit (Suicune) 3/30 pokemon card,,,
1488,en-tk-xy-su-30,tk-xy-su-30,Suicune,XY trainer Kit (Suicune),30,30,None,Suicune XY trainer Kit (Suicune) 30/30 pokemon card,,,
1489,en-tk-xy-su-4,tk-xy-su-4,Eevee,XY trainer Kit (Suicune),4,30,None,Eevee XY trainer Kit (Suicune) 4/30 pokemon card,,,
1490,en-tk-xy-su-5,tk-xy-su-5,Water Energy,XY trainer Kit (Suicune),5,30,Common,Water Energy XY trainer Kit (Suicune) 5/30 pokemon card,,,
1491,en-tk-xy-su-6,tk-xy-su-6,Frogadier,XY trainer Kit (Suicune),6,30,Uncommon,Frogadier XY trainer Kit (Suicune) 6/30 pokemon card,,,
1492,en-tk-xy-su-7,tk-xy-su-7,Ducklett,XY trainer Kit (Suicune),7,30,Common,Ducklett XY trainer Kit (Suicune) 7/30 pokemon card,,,
1493,en-tk-xy-su-8,tk-xy-su-8,Water Energy,XY trainer Kit (Suicune),8,30,Common,Water Energy XY trainer Kit (Suicune) 8/30 pokemon card,,,
1494,en-tk-xy-su-9,tk-xy-su-9,Water Energy,XY trainer Kit (Suicune),9,30,Common,Water Energy XY trainer Kit (Suicune) 9/30 pokemon card,,,
1495,en-tk-xy-sy-1,tk-xy-sy-1,Fletchling,XY trainer Kit (Sylveon),1,30,Common,Fletchling XY trainer Kit (Sylveon) 1/30 pokemon card,,,
1496,en-tk-xy-sy-10,tk-xy-sy-10,Fairy Energy,XY trainer Kit (Sylveon),10,30,Common,Fairy Energy XY trainer Kit (Sylveon) 10/30 pokemon card,,,
1497,en-tk-xy-sy-11,tk-xy-sy-11,Snubbull,XY trainer Kit (Sylveon),11,30,Common,Snubbull XY trainer Kit (Sylveon) 11/30 pokemon card,,,
1498,en-tk-xy-sy-12,tk-xy-sy-12,Fairy Energy,XY trainer Kit (Sylveon),12,30,Common,Fairy Energy XY trainer Kit (Sylveon) 12/30 pokemon card,,,
1499,en-tk-xy-sy-13,tk-xy-sy-13,Eevee,XY trainer Kit (Sylveon),13,30,Common,Eevee XY trainer Kit (Sylveon) 13/30 pokemon card,,,
1500,en-tk-xy-sy-14,tk-xy-sy-14,Granbull,XY trainer Kit (Sylveon),14,30,Common,Granbull XY trainer Kit (Sylveon) 14/30 pokemon card,,,
1501,en-tk-xy-sy-15,tk-xy-sy-15,Sylveon,XY trainer Kit (Sylveon),15,30,None,Sylveon XY trainer Kit (Sylveon) 15/30 pokemon card,,,
1502,en-tk-xy-sy-16,tk-xy-sy-16,Furfrou,XY trainer Kit (Sylveon),16,30,Common,Furfrou XY trainer Kit (Sylveon) 16/30 pokemon card,,,
1503,en-tk-xy-sy-17,tk-xy-sy-17,Fairy Energy,XY trainer Kit (Sylveon),17,30,Common,Fairy Energy XY trainer Kit (Sylveon) 17/30 pokemon card,,,
1504,en-tk-xy-sy-18,tk-xy-sy-18,Fairy Energy,XY trainer Kit (Sylveon),18,30,Common,Fairy Energy XY trainer Kit (Sylveon) 18/30 pokemon card,,,
1505,en-tk-xy-sy-19,tk-xy-sy-19,Fletchling,XY trainer Kit (Sylveon),19,30,Common,Fletchling XY trainer Kit (Sylveon) 19/30 pokemon card,,,
1506,en-tk-xy-sy-2,tk-xy-sy-2,Fairy Energy,XY trainer Kit (Sylveon),2,30,Common,Fairy Energy XY trainer Kit (Sylveon) 2/30 pokemon card,,,
1507,en-tk-xy-sy-20,tk-xy-sy-20,Potion,XY trainer Kit (Sylveon),20,30,Common,Potion XY trainer Kit (Sylveon) 20/30 pokemon card,,,
1508,en-tk-xy-sy-21,tk-xy-sy-21,Eevee,XY trainer Kit (Sylveon),21,30,Common,Eevee XY trainer Kit (Sylveon) 21/30 pokemon card,,,
1509,en-tk-xy-sy-22,tk-xy-sy-22,Furfrou,XY trainer Kit (Sylveon),22,30,Common,Furfrou XY trainer Kit (Sylveon) 22/30 pokemon card,,,
1510,en-tk-xy-sy-23,tk-xy-sy-23,Pokémon Catcher,XY trainer Kit (Sylveon),23,30,Uncommon,Pokémon Catcher XY trainer Kit (Sylveon) 23/30 pokemon card,,,
1511,en-tk-xy-sy-24,tk-xy-sy-24,Potion,XY trainer Kit (Sylveon),24,30,Common,Potion XY trainer Kit (Sylveon) 24/30 pokemon card,,,
1512,en-tk-xy-sy-25,tk-xy-sy-25,Fairy Energy,XY trainer Kit (Sylveon),25,30,Common,Fairy Energy XY trainer Kit (Sylveon) 25/30 pokemon card,,,
1513,en-tk-xy-sy-26,tk-xy-sy-26,Poké Ball,XY trainer Kit (Sylveon),26,30,Uncommon,Poké Ball XY trainer Kit (Sylveon) 26/30 pokemon card,,,
1514,en-tk-xy-sy-27,tk-xy-sy-27,Snubbull,XY trainer Kit (Sylveon),27,30,Common,Snubbull XY trainer Kit (Sylveon) 27/30 pokemon card,,,
1515,en-tk-xy-sy-28,tk-xy-sy-28,Professor’s Letter,XY trainer Kit (Sylveon),28,30,Uncommon,Professor’s Letter XY trainer Kit (Sylveon) 28/30 pokemon card,,,
1516,en-tk-xy-sy-29,tk-xy-sy-29,Granbull,XY trainer Kit (Sylveon),29,30,Common,Granbull XY trainer Kit (Sylveon) 29/30 pokemon card,,,
1517,en-tk-xy-sy-3,tk-xy-sy-3,Fairy Energy,XY trainer Kit (Sylveon),3,30,Common,Fairy Energy XY trainer Kit (Sylveon) 3/30 pokemon card,,,
1518,en-tk-xy-sy-30,tk-xy-sy-30,Sylveon,XY trainer Kit (Sylveon),30,30,None,Sylveon XY trainer Kit (Sylveon) 30/30 pokemon card,,,
1519,en-tk-xy-sy-4,tk-xy-sy-4,Switch,XY trainer Kit (Sylveon),4,30,Common,Switch XY trainer Kit (Sylveon) 4/30 pokemon card,,,
1520,en-tk-xy-sy-5,tk-xy-sy-5,Fairy Energy,XY trainer Kit (Sylveon),5,30,Common,Fairy Energy XY trainer Kit (Sylveon) 5/30 pokemon card,,,
1521,en-tk-xy-sy-6,tk-xy-sy-6,Fairy Energy,XY trainer Kit (Sylveon),6,30,Common,Fairy Energy XY trainer Kit (Sylveon) 6/30 pokemon card,,,
1522,en-tk-xy-sy-7,tk-xy-sy-7,Fairy Energy,XY trainer Kit (Sylveon),7,30,Common,Fairy Energy XY trainer Kit (Sylveon) 7/30 pokemon card,,,
1523,en-tk-xy-sy-8,tk-xy-sy-8,Fairy Energy,XY trainer Kit (Sylveon),8,30,Common,Fairy Energy XY trainer Kit (Sylveon) 8/30 pokemon card,,,
1524,en-tk-xy-sy-9,tk-xy-sy-9,Fairy Energy,XY trainer Kit (Sylveon),9,30,Common,Fairy Energy XY trainer Kit (Sylveon) 9/30 pokemon card,,,
1525,en-tk-xy-w-1,tk-xy-w-1,Swirlix,XY trainer Kit (Wigglytuff),1,30,Common,Swirlix XY trainer Kit (Wigglytuff) 1/30 pokemon card,,,
1526,en-tk-xy-w-10,tk-xy-w-10,Fairy Energy,XY trainer Kit (Wigglytuff),10,30,Common,Fairy Energy XY trainer Kit (Wigglytuff) 10/30 pokemon card,,,
1527,en-tk-xy-w-11,tk-xy-w-11,Pidgey,XY trainer Kit (Wigglytuff),11,30,Common,Pidgey XY trainer Kit (Wigglytuff) 11/30 pokemon card,,,
1528,en-tk-xy-w-12,tk-xy-w-12,Jigglypuff,XY trainer Kit (Wigglytuff),12,30,Common,Jigglypuff XY trainer Kit (Wigglytuff) 12/30 pokemon card,,,
1529,en-tk-xy-w-13,tk-xy-w-13,Clefairy,XY trainer Kit (Wigglytuff),13,30,Common,Clefairy XY trainer Kit (Wigglytuff) 13/30 pokemon card,,,
1530,en-tk-xy-w-14,tk-xy-w-14,Wigglytuff,XY trainer Kit (Wigglytuff),14,30,Rare,Wigglytuff XY trainer Kit (Wigglytuff) 14/30 pokemon card,,,
1531,en-tk-xy-w-15,tk-xy-w-15,Potion,XY trainer Kit (Wigglytuff),15,30,Common,Potion XY trainer Kit (Wigglytuff) 15/30 pokemon card,,,
1532,en-tk-xy-w-16,tk-xy-w-16,Clefable,XY trainer Kit (Wigglytuff),16,30,Uncommon,Clefable XY trainer Kit (Wigglytuff) 16/30 pokemon card,,,
1533,en-tk-xy-w-17,tk-xy-w-17,Fairy Energy,XY trainer Kit (Wigglytuff),17,30,Common,Fairy Energy XY trainer Kit (Wigglytuff) 17/30 pokemon card,,,
1534,en-tk-xy-w-18,tk-xy-w-18,Swirlix,XY trainer Kit (Wigglytuff),18,30,Common,Swirlix XY trainer Kit (Wigglytuff) 18/30 pokemon card,,,
1535,en-tk-xy-w-19,tk-xy-w-19,Clefairy,XY trainer Kit (Wigglytuff),19,30,Common,Clefairy XY trainer Kit (Wigglytuff) 19/30 pokemon card,,,
1536,en-tk-xy-w-2,tk-xy-w-2,Pidgeotto,XY trainer Kit (Wigglytuff),2,30,Uncommon,Pidgeotto XY trainer Kit (Wigglytuff) 2/30 pokemon card,,,
1537,en-tk-xy-w-20,tk-xy-w-20,Potion,XY trainer Kit (Wigglytuff),20,30,Common,Potion XY trainer Kit (Wigglytuff) 20/30 pokemon card,,,
1538,en-tk-xy-w-21,tk-xy-w-21,Fairy Energy,XY trainer Kit (Wigglytuff),21,30,Common,Fairy Energy XY trainer Kit (Wigglytuff) 21/30 pokemon card,,,
1539,en-tk-xy-w-22,tk-xy-w-22,Fairy Energy,XY trainer Kit (Wigglytuff),22,30,Common,Fairy Energy XY trainer Kit (Wigglytuff) 22/30 pokemon card,,,
1540,en-tk-xy-w-23,tk-xy-w-23,Pidgeotto,XY trainer Kit (Wigglytuff),23,30,Uncommon,Pidgeotto XY trainer Kit (Wigglytuff) 23/30 pokemon card,,,
1541,en-tk-xy-w-24,tk-xy-w-24,Trevor,XY trainer Kit (Wigglytuff),24,30,Uncommon,Trevor XY trainer Kit (Wigglytuff) 24/30 pokemon card,,,
1542,en-tk-xy-w-25,tk-xy-w-25,Jigglypuff,XY trainer Kit (Wigglytuff),25,30,Common,Jigglypuff XY trainer Kit (Wigglytuff) 25/30 pokemon card,,,
1543,en-tk-xy-w-26,tk-xy-w-26,Tierno,XY trainer Kit (Wigglytuff),26,30,Uncommon,Tierno XY trainer Kit (Wigglytuff) 26/30 pokemon card,,,
1544,en-tk-xy-w-27,tk-xy-w-27,Fairy Energy,XY trainer Kit (Wigglytuff),27,30,Common,Fairy Energy XY trainer Kit (Wigglytuff) 27/30 pokemon card,,,
1545,en-tk-xy-w-28,tk-xy-w-28,Clefable,XY trainer Kit (Wigglytuff),28,30,Uncommon,Clefable XY trainer Kit (Wigglytuff) 28/30 pokemon card,,,
1546,en-tk-xy-w-29,tk-xy-w-29,Pidgey,XY trainer Kit (Wigglytuff),29,30,Common,Pidgey XY trainer Kit (Wigglytuff) 29/30 pokemon card,,,
1547,en-tk-xy-w-3,tk-xy-w-3,Fairy Energy,XY trainer Kit (Wigglytuff),3,30,Common,Fairy Energy XY trainer Kit (Wigglytuff) 3/30 pokemon card,,,
1548,en-tk-xy-w-30,tk-xy-w-30,Wigglytuff,XY trainer Kit (Wigglytuff),30,30,Rare,Wigglytuff XY trainer Kit (Wigglytuff) 30/30 pokemon card,,,
1549,en-tk-xy-w-4,tk-xy-w-4,Sentret,XY trainer Kit (Wigglytuff),4,30,Common,Sentret XY trainer Kit (Wigglytuff) 4/30 pokemon card,,,
1550,en-tk-xy-w-5,tk-xy-w-5,Fairy Energy,XY trainer Kit (Wigglytuff),5,30,Common,Fairy Energy XY trainer Kit (Wigglytuff) 5/30 pokemon card,,,
1551,en-tk-xy-w-6,tk-xy-w-6,Fairy Energy,XY trainer Kit (Wigglytuff),6,30,Common,Fairy Energy XY trainer Kit (Wigglytuff) 6/30 pokemon card,,,
1552,en-tk-xy-w-7,tk-xy-w-7,Fairy Energy,XY trainer Kit (Wigglytuff),7,30,Common,Fairy Energy XY trainer Kit (Wigglytuff) 7/30 pokemon card,,,
1553,en-tk-xy-w-8,tk-xy-w-8,Fairy Energy,XY trainer Kit (Wigglytuff),8,30,Common,Fairy Energy XY trainer Kit (Wigglytuff) 8/30 pokemon card,,,
1554,en-tk-xy-w-9,tk-xy-w-9,Fairy Energy,XY trainer Kit (Wigglytuff),9,30,Common,Fairy Energy XY trainer Kit (Wigglytuff) 9/30 pokemon card,,,
1555,en-xya-107a,xya-107a,Professor Sycamore,Yellow A Alternate,107a,6,Uncommon,Professor Sycamore Yellow A Alternate 107a/6 pokemon card,,,
1556,en-xya-24a,xya-24a,M Manectric-EX,Yellow A Alternate,24a,6,Rare,M Manectric-EX Yellow A Alternate 24a/6 pokemon card,,,
1557,en-xya-28a,xya-28a,Jolteon-EX,Yellow A Alternate,28a,6,Rare,Jolteon-EX Yellow A Alternate 28a/6 pokemon card,,,
1558,en-xya-54a,xya-54a,Zygarde-EX,Yellow A Alternate,54a,6,Rare,Zygarde-EX Yellow A Alternate 54a/6 pokemon card,,,
1559,en-xya-55a,xya-55a,M Lucario-EX,Yellow A Alternate,55a,6,Rare,M Lucario-EX Yellow A Alternate 55a/6 pokemon card,,,
1560,en-xya-92a,xya-92a,Trainers’ Mail,Yellow A Alternate,92a,6,Uncommon,Trainers’ Mail Yellow A Alternate 92a/6 pokemon card,,,
